label,v1,v2,v3,v4,v5,v6,v7,v8,v9
anomaly,82,0,86,0,-10,7,3,96,92
nominal,45,0,82,-96,44,0,37,38,0
nominal,50,1,77,0,50,0,27,28,0
nominal,37,0,76,-2,28,-5,40,48,8
nominal,41,-1,77,0,38,-6,36,38,2
nominal,52,-4,79,0,52,0,26,27,0
nominal,41,-2,108,1,42,0,67,67,0
nominal,45,0,109,0,44,-4,64,66,2
nominal,37,-1,77,0,38,18,39,38,0
nominal,37,0,77,0,0,16,41,77,36
nominal,43,0,82,-5,42,0,39,41,2
nominal,45,-4,77,0,46,7,32,31,0
nominal,44,2,86,0,42,-20,42,44,2
nominal,43,0,86,0,44,12,43,42,0
nominal,49,3,95,0,50,26,47,46,0
nominal,55,1,77,0,54,0,22,23,0
nominal,48,0,81,0,46,-11,32,34,2
nominal,46,3,83,0,44,-24,37,39,2
nominal,46,0,86,0,44,-22,41,42,2
anomaly,80,-1,84,0,-42,0,5,128,124
nominal,37,0,75,-2,24,-10,38,52,14
nominal,40,-3,79,0,38,0,39,41,2
nominal,53,2,86,0,54,29,33,32,0
nominal,47,0,81,6,46,0,34,35,0
nominal,37,0,104,0,24,9,67,81,14
nominal,37,0,78,0,18,-11,42,60,18
nominal,37,0,79,1,8,-4,42,71,28
nominal,37,0,96,8,24,0,59,73,14
nominal,37,0,78,0,10,-11,41,68,26
nominal,46,0,76,0,46,0,30,30,0
nominal,37,0,80,0,30,24,43,49,6
nominal,38,0,86,0,38,2,49,48,0
nominal,48,0,77,-1,46,0,29,30,2
nominal,47,-2,81,0,46,0,34,35,0
nominal,39,0,80,1,38,0,41,41,0
nominal,37,0,104,0,24,1,67,81,14
nominal,41,-5,97,0,42,18,57,56,0
nominal,46,5,83,0,44,-23,37,39,2
nominal,37,0,77,0,26,-21,40,51,10
nominal,46,0,86,0,46,14,41,40,0
nominal,49,0,81,0,50,0,32,32,0
nominal,51,-2,79,0,50,-9,28,30,2
nominal,44,0,83,0,42,-11,39,41,2
nominal,37,-4,102,-1,34,0,65,69,4
nominal,45,-1,79,-5,44,-7,34,35,0
nominal,37,0,77,0,10,4,40,66,26
anomaly,85,-3,88,0,0,0,3,88,84
nominal,37,0,75,0,28,54,38,46,8
nominal,44,-2,76,0,44,6,32,32,0
nominal,43,0,76,14,44,26,33,32,0
nominal,42,-2,82,0,42,0,40,41,0
nominal,45,0,79,0,46,21,33,32,0
nominal,37,0,97,-5,30,0,60,66,6
nominal,46,0,79,3,46,5,34,33,0
nominal,37,0,83,0,0,-13,46,83,36
nominal,59,1,87,0,60,0,28,28,0
nominal,37,0,86,-3,36,0,49,50,0
nominal,42,-3,86,0,42,0,44,44,0
nominal,37,0,77,0,-14,-5,40,92,52
nominal,46,0,83,-6,46,1,37,36,0
nominal,49,0,84,0,46,-26,36,38,2
nominal,53,0,82,0,52,-9,29,30,2
nominal,42,0,79,-1,42,-2,37,37,0
nominal,55,0,96,5,54,0,41,42,2
nominal,37,0,97,0,36,0,60,61,0
nominal,45,0,82,0,44,-7,37,38,2
nominal,41,1,82,0,38,-21,41,43,2
nominal,43,0,79,0,42,-16,35,37,2
nominal,55,0,81,0,54,-18,26,27,2
nominal,38,3,76,0,38,7,38,37,0
nominal,37,0,77,8,36,-26,39,41,2
anomaly,79,0,83,0,-46,-12,4,130,126
nominal,51,5,84,0,52,16,33,32,0
nominal,37,0,79,0,24,-16,43,56,14
nominal,37,0,100,-1,30,-1,64,69,6
nominal,42,0,81,0,42,677,39,40,0
nominal,37,1,83,6,36,0,46,46,0
nominal,56,0,90,6,56,0,33,33,0
nominal,37,0,82,0,-2,16,45,85,40
nominal,41,1,97,0,38,-16,56,59,2
nominal,37,-1,104,0,24,1,67,80,14
nominal,67,0,109,-5,68,0,42,42,0
nominal,37,0,78,0,-4,27,42,83,42
nominal,45,0,86,-2,44,0,42,42,0
nominal,49,1,95,0,46,-11,47,49,2
nominal,53,1,88,0,54,0,34,33,0
nominal,49,0,78,-2,46,-4,29,32,2
nominal,48,-3,86,0,46,0,38,40,2
nominal,49,0,106,0,46,-3,58,60,2
nominal,51,0,88,0,52,20,37,37,0
nominal,56,0,81,0,54,-16,25,27,2
nominal,40,-4,82,0,38,-1,42,43,2
nominal,49,-2,85,0,46,-20,36,39,2
nominal,45,-5,88,0,46,8,42,41,0
nominal,46,5,77,0,46,22,32,31,0
nominal,37,-2,81,0,36,-3,44,44,0
nominal,37,0,79,-5,34,-8,42,46,4
nominal,49,0,86,-2,50,-2,37,37,0
nominal,41,0,86,0,42,29,46,45,0
nominal,49,0,77,0,50,2,28,28,0
nominal,42,3,83,0,42,0,41,41,0
nominal,39,-1,77,5,38,0,38,38,0
nominal,55,3,79,0,54,0,24,25,2
nominal,43,-1,86,0,42,-14,42,44,2
nominal,44,0,85,-1,44,0,41,41,0
nominal,43,0,84,0,44,26,41,40,0
nominal,43,0,77,-5,42,-4,34,35,2
nominal,39,-3,78,0,0,8,39,78,40
nominal,48,3,94,2,46,0,46,48,2
nominal,37,0,79,0,0,-1,42,79,36
anomaly,86,6,89,0,8,0,3,81,78
nominal,37,0,80,-7,8,0,43,72,28
nominal,37,0,80,0,-2,-2,43,83,40
anomaly,105,0,106,-1,72,1,1,33,32
nominal,37,0,77,0,30,26,40,46,6
nominal,37,0,79,0,16,-12,42,63,22
nominal,53,0,81,0,54,28,28,27,0
nominal,37,0,74,0,30,4,37,43,6
nominal,45,0,76,0,44,-17,31,32,2
nominal,52,0,91,0,52,0,38,39,0
nominal,47,-1,86,4,46,0,39,40,0
nominal,51,-1,91,0,50,-24,40,42,2
nominal,37,-2,77,1,0,5,40,77,36
nominal,37,0,78,0,10,-8,41,68,26
nominal,50,0,86,-7,50,0,36,37,0
nominal,37,0,81,-1,20,0,44,61,16
nominal,37,0,75,-3,34,0,38,41,2
nominal,45,4,81,0,44,0,36,37,0
nominal,37,0,97,-3,30,0,60,66,6
anomaly,79,0,84,8,-42,-21,4,128,124
nominal,37,0,77,0,12,19,40,64,24
nominal,42,2,77,0,42,0,35,36,2
nominal,50,1,83,0,50,0,33,34,0
nominal,46,0,76,4,46,1,30,30,0
nominal,41,0,87,1,42,27,46,46,0
nominal,37,0,77,0,36,-8,39,41,2
nominal,56,0,95,-3,54,1,40,41,2
nominal,49,0,78,0,46,-24,29,32,2
nominal,40,-4,100,1,38,0,61,62,2
nominal,37,0,84,0,28,-5,47,55,8
nominal,56,2,87,6,54,-19,31,33,2
nominal,37,0,95,0,12,-16,58,82,24
nominal,40,3,77,0,38,0,37,38,2
nominal,44,-1,86,0,44,10,43,42,0
nominal,37,0,76,0,36,-20,38,39,2
nominal,53,-2,86,0,54,5,33,32,0
nominal,37,0,82,4,-4,0,45,87,42
nominal,48,5,81,0,46,0,32,34,2
nominal,37,0,79,5,-2,0,41,81,40
nominal,37,0,80,0,12,15,43,67,24
nominal,43,1,85,0,42,-2,42,44,2
nominal,59,0,86,-2,60,18,27,26,0
nominal,37,0,76,0,26,-9,39,50,12
nominal,42,1,83,-3,42,0,41,41,0
nominal,44,0,95,0,44,0,52,51,0
nominal,42,2,79,0,42,0,38,38,0
nominal,55,0,87,0,54,0,32,33,2
nominal,57,0,82,-1,56,0,25,25,0
nominal,37,0,95,0,10,5,58,84,26
anomaly,103,5,104,2,70,-27,1,35,34
nominal,45,-2,83,0,44,-14,38,39,2
nominal,37,0,77,0,-6,0,41,85,44
nominal,41,0,76,-4,42,0,35,35,0
nominal,41,2,75,0,42,12,34,34,0
nominal,37,0,77,0,34,-9,40,43,4
anomaly,80,0,84,0,-24,28,4,110,106
nominal,43,0,77,0,42,-9,34,35,2
nominal,41,2,79,0,38,-21,38,41,2
nominal,37,0,81,1,10,0,45,71,26
nominal,48,0,79,0,50,31,30,30,0
nominal,50,0,86,-1,50,0,35,37,2
nominal,45,0,83,0,44,-13,38,39,2
nominal,44,4,83,0,44,8,39,39,0
nominal,48,0,88,0,46,-5,39,41,2
nominal,47,-18,86,0,46,0,39,39,0
nominal,51,0,88,2,52,0,36,36,0
nominal,48,0,88,0,46,-11,39,41,2
nominal,38,1,77,-6,38,9,39,38,0
nominal,46,0,81,-4,46,0,35,34,0
nominal,37,0,107,0,28,-3,70,78,8
nominal,41,3,76,0,42,18,35,35,0
nominal,45,0,86,0,46,7,41,40,0
nominal,37,0,106,0,24,14,69,82,14
nominal,48,-4,83,0,46,0,35,37,2
nominal,45,3,87,0,44,-2,42,43,2
nominal,37,0,77,0,30,14,40,46,6
nominal,49,0,86,0,46,-21,38,40,2
nominal,37,0,76,0,24,27,39,52,14
nominal,56,0,81,3,56,0,24,24,0
nominal,38,0,92,0,16,3,54,77,22
anomaly,106,0,108,1,72,2,1,35,34
nominal,37,0,79,0,28,3,43,51,8
nominal,37,0,80,0,10,12,43,70,26
nominal,42,0,78,-1,42,-1,36,37,2
nominal,45,4,87,0,44,0,42,43,2
nominal,43,3,86,0,42,0,43,45,2
nominal,37,0,82,0,16,-11,45,66,22
nominal,39,0,78,-2,38,-4,39,39,0
nominal,40,-2,78,0,38,0,38,39,2
nominal,37,1,104,0,16,-23,66,88,22
nominal,58,0,79,0,56,0,21,22,0
nominal,46,1,86,5,46,-1,40,39,0
nominal,51,0,88,3,52,5,36,36,0
nominal,37,0,80,1,36,-16,43,44,2
nominal,49,0,81,1,46,-10,33,35,2
nominal,44,0,86,-3,44,3,42,42,0
nominal,56,-2,96,0,56,3,40,39,0
nominal,49,-3,79,0,46,-27,30,32,2
nominal,50,-4,111,3,50,0,61,62,0
nominal,47,1,79,4,46,0,32,32,0
nominal,45,-1,76,0,46,21,30,29,0
nominal,37,0,95,0,16,-21,58,79,22
nominal,45,0,76,0,46,29,30,29,0
nominal,48,0,77,-7,46,0,29,31,2
nominal,49,2,84,0,50,22,35,35,0
nominal,37,0,78,1,16,0,41,63,22
nominal,37,-5,80,0,38,17,43,41,0
nominal,41,-4,75,0,42,11,34,34,0
nominal,45,1,76,0,44,-12,30,32,2
nominal,44,0,81,-1,44,1,38,37,0
nominal,37,0,79,0,10,5,43,69,26
nominal,45,0,80,0,44,-6,35,36,2
nominal,37,0,79,0,30,-1,43,48,6
nominal,37,0,80,0,18,-1,43,62,18
nominal,37,0,81,0,12,11,45,68,24
nominal,37,0,76,0,36,9,39,39,0
nominal,45,0,82,-8,44,0,37,38,0
nominal,43,-1,79,0,44,20,35,35,0
nominal,41,-2,76,-5,42,0,35,35,0
nominal,48,0,84,-1,46,0,37,38,2
nominal,42,3,90,1,42,0,48,49,0
nominal,45,0,118,1751,310,15164,73,-191,-264
nominal,37,-5,81,0,36,0,44,45,0
nominal,37,0,76,0,38,14,39,37,0
nominal,43,0,76,-1,42,-5,32,34,2
nominal,37,0,79,0,8,20,42,71,28
nominal,37,0,76,2,20,-7,39,55,16
nominal,41,0,84,0,38,0,44,46,2
nominal,60,0,108,-1,60,0,49,49,0
nominal,37,0,105,0,36,0,68,69,2
nominal,45,-2,107,0,46,16,62,60,0
nominal,55,0,95,0,54,-1,40,41,2
nominal,37,-2,97,0,34,0,60,64,4
nominal,44,1,86,0,44,3,43,42,0
nominal,46,0,76,-4,46,0,29,29,0
anomaly,80,5,84,2,-38,-13,4,123,118
nominal,44,0,86,0,42,-15,43,45,2
nominal,49,2,81,0,50,30,33,32,0
nominal,37,0,76,-5,28,0,40,48,8
nominal,57,1,86,-4,56,0,30,30,0
anomaly,82,0,85,0,-6,8,3,93,90
nominal,43,0,80,1,42,-24,37,39,2
nominal,41,0,77,0,42,31,37,36,0
nominal,44,0,83,4,44,0,38,39,0
nominal,44,0,88,0,44,2,45,44,0
nominal,54,5,81,0,54,0,27,27,0
nominal,51,-2,88,0,52,8,37,36,0
nominal,37,0,104,1,24,0,67,80,14
nominal,43,-1,85,0,42,-10,42,44,2
nominal,42,0,86,-6,42,0,44,45,0
nominal,45,0,82,0,46,14,37,35,0
nominal,44,2,86,0,42,-23,42,44,2
nominal,37,-2,80,1,36,0,43,44,0
nominal,50,3,78,-5,50,0,29,29,0
nominal,44,0,81,6,44,3,38,37,0
nominal,43,-2,81,2,44,23,37,37,0
nominal,53,5,86,0,54,5,32,32,0
nominal,45,-1,78,0,44,0,34,34,0
anomaly,82,2561,106,-4,34,-20,24,72,48
nominal,54,0,91,1,54,0,37,37,0
nominal,41,0,81,0,42,5,40,40,0
nominal,37,0,95,-2,16,10,58,80,22
nominal,43,-4,86,0,44,18,43,42,0
nominal,39,3,81,-2,38,0,41,42,0
nominal,37,0,80,0,36,9,43,44,2
nominal,37,-1,76,0,36,0,39,40,0
nominal,51,0,86,-1,50,-20,36,37,2
nominal,49,-1,81,0,50,0,32,32,0
nominal,44,0,84,0,42,-19,40,43,2
nominal,37,0,95,0,26,0,58,70,12
nominal,42,0,77,-3,42,0,34,35,2
nominal,53,5,86,0,52,-7,33,35,2
nominal,54,0,108,3,54,0,54,54,0
nominal,46,1,76,0,46,4,30,29,0
nominal,53,0,88,1,52,-9,35,36,2
anomaly,82,0,85,-1,-2,9,3,88,84
nominal,44,0,86,-5,44,0,42,42,0
nominal,51,3,81,0,52,5,29,29,0
nominal,37,0,81,0,30,-9,45,50,6
nominal,51,0,87,0,50,-13,36,38,2
nominal,37,0,76,1,28,-13,40,48,8
nominal,37,0,81,-3,34,0,43,47,4
anomaly,77,-44,107,0,62,-4,30,45,16
nominal,37,0,98,0,30,-4,61,67,6
nominal,46,0,100,-3,46,0,54,53,0
nominal,37,0,77,0,2,28,40,74,34
nominal,45,0,86,5,44,-2,40,42,2
nominal,43,0,80,3,42,-17,37,39,2
anomaly,83,0,86,0,-2,21,4,89,86
nominal,55,-5,86,-3,54,0,31,32,0
nominal,43,-4,86,3,42,-20,43,45,2
nominal,42,0,75,0,42,0,32,34,2
nominal,37,2,80,0,20,22,43,59,16
nominal,37,0,79,0,6,-21,43,74,32
nominal,37,0,96,5,26,14,59,70,12
nominal,46,0,100,0,44,-13,54,56,2
anomaly,102,3,103,2,70,-22,1,33,32
nominal,48,-4,95,0,50,30,47,46,0
nominal,40,0,80,2,38,0,40,41,2
nominal,41,0,97,0,38,-9,57,59,2
nominal,43,0,81,0,44,16,37,37,0
nominal,37,-3,90,-1,8,3,53,82,30
nominal,37,0,79,0,12,-5,42,66,24
nominal,47,4,76,0,46,0,28,29,0
nominal,37,0,77,0,28,3378,40,48,8
nominal,51,-1,88,0,50,-11,37,39,2
nominal,37,0,93,0,10,-16,56,83,26
nominal,37,-1,106,258,34,-9,69,72,4
nominal,52,-3,90,-1,52,-1,37,38,0
nominal,43,-1,99,0,42,-10,56,58,2
nominal,37,0,75,0,34,-5,38,41,2
nominal,49,5,78,0,50,4,29,29,0
nominal,38,-3,107,0,38,0,69,68,0
nominal,40,2,85,0,38,0,45,46,2
nominal,37,0,78,-1,20,-3,42,57,16
anomaly,73,11,77,9,-42,-5,4,121,118
nominal,42,0,79,-7,42,0,37,38,0
nominal,37,0,108,-1,36,0,70,71,2
nominal,45,-1,86,-3,44,-13,40,42,2
nominal,46,0,88,4,46,0,42,42,0
nominal,46,0,81,4,46,2,35,35,0
nominal,51,4,86,0,52,9,35,35,0
nominal,45,0,83,0,44,-17,38,39,2
nominal,37,0,76,0,20,-15,40,55,16
anomaly,81,0,84,0,-22,-28,4,108,104
nominal,38,4,77,0,38,14,39,38,0
nominal,47,3,107,0,46,0,60,60,0
nominal,37,0,79,-2,18,-36,43,61,18
nominal,48,1,80,-5,46,0,32,34,2
nominal,51,0,79,0,52,5,27,27,0
nominal,59,0,87,0,60,12,28,28,0
nominal,37,0,78,0,0,-2,42,78,36
nominal,44,2,77,0,42,-21,33,35,2
nominal,52,-4,88,0,52,0,36,36,0
anomaly,80,0,84,7,-38,-2,5,123,118
nominal,46,0,87,0,46,-1,41,41,0
nominal,53,0,83,0,52,-16,30,32,2
anomaly,85,3,88,-2,-2,0,3,90,88
nominal,48,4,83,5,46,0,35,36,2
nominal,37,0,79,0,10,26,42,68,26
nominal,51,0,78,0,50,-10,27,29,2
nominal,41,-3,89,0,42,11,48,48,0
nominal,37,0,97,6,10,0,59,86,28
anomaly,80,-2,84,0,-22,-30,4,108,104
nominal,41,0,86,0,42,18,45,44,0
anomaly,79,1,83,0,-42,0,4,127,122
nominal,52,-5,83,0,52,-3,31,32,0
nominal,37,0,79,0,10,3,42,68,26
nominal,53,0,77,0,52,-13,25,26,2
nominal,37,0,78,0,20,-3,41,57,16
nominal,40,1,76,-1,38,0,36,37,2
nominal,37,0,76,1,36,-26,39,40,2
nominal,45,0,86,-1,44,-8,41,42,2
anomaly,87,1,89,0,8,0,2,81,80
nominal,50,-5,77,1,50,0,28,28,0
nominal,54,-2,90,0,54,0,36,36,0
nominal,41,0,80,0,38,-11,39,41,2
nominal,41,0,84,-3,42,-3,43,43,0
nominal,41,0,88,0,42,2,47,47,0
nominal,39,5,76,0,38,0,38,37,0
nominal,41,0,81,0,38,-30,40,43,2
nominal,51,2,86,0,50,-22,35,37,2
nominal,37,0,107,0,36,-12,69,71,2
nominal,49,0,77,0,50,7,28,28,0
nominal,41,0,82,0,42,1,41,41,0
anomaly,106,0,107,-3,70,0,1,37,36
nominal,56,-2,97,0,54,6,41,42,2
nominal,41,0,97,-1,38,-15,56,58,2
nominal,51,0,86,0,50,-15,35,37,2
nominal,37,0,95,-5,26,25,58,70,12
nominal,37,2,80,0,8,14,43,72,30
nominal,45,0,81,0,46,13,35,34,0
nominal,37,0,82,3,20,1,45,61,16
nominal,41,0,76,-3,42,4,34,34,0
nominal,37,-1,76,0,36,-4,39,39,0
nominal,41,-5,75,0,42,14,34,34,0
nominal,37,0,79,2,34,9,42,46,4
nominal,43,0,77,7,42,0,35,36,2
nominal,41,0,89,-1,38,-15,48,50,2
nominal,41,5,97,0,38,0,56,58,2
nominal,37,0,80,0,6,-1,43,75,32
nominal,55,0,85,0,54,-6,30,31,2
nominal,41,1,79,0,42,11,38,38,0
nominal,51,-3,81,0,50,-12,30,32,2
nominal,45,3,84,0,44,0,39,41,2
nominal,46,-5,79,0,46,0,33,32,0
nominal,44,0,81,0,42,-25,38,40,2
nominal,41,4,102,0,42,7,61,60,0
nominal,45,0,81,1,46,23,35,34,0
anomaly,105,3,106,1,72,5,1,33,32
nominal,44,-1,89,0,44,2,45,45,0
nominal,39,-3,76,-7,38,0,37,37,0
nominal,37,0,77,0,36,17,40,41,0
nominal,37,0,77,8,24,10,41,54,14
nominal,53,1,81,0,54,4,27,26,0
nominal,41,0,83,4,38,-8,42,44,2
nominal,48,0,88,7,46,0,39,41,2
nominal,56,-3,92,0,54,0,36,38,2
nominal,37,0,80,-1,38,13,43,41,0
nominal,41,1,78,0,38,-11,37,39,2
nominal,46,2,76,-1,46,0,30,30,0
nominal,37,0,77,0,2,-28,40,74,34
nominal,43,-4,80,-1,42,-5,37,39,2
nominal,46,0,90,0,46,-1,43,43,0
nominal,52,0,84,-3,52,-4,32,32,0
nominal,37,0,82,0,-4,-11,45,87,42
nominal,51,0,80,0,50,-5,29,31,2
nominal,41,-1,108,-1,38,-14,67,69,2
nominal,50,-4,77,1,50,0,28,28,0
nominal,47,4,83,0,46,0,36,36,0
nominal,53,0,82,0,54,11,29,28,0
nominal,37,0,76,0,26,-21,40,50,10
anomaly,104,2,105,2,70,0,1,35,34
anomaly,84,-1,88,0,6,0,4,83,78
nominal,43,0,83,-1,42,0,40,41,2
nominal,37,0,76,0,16,-4,39,61,22
nominal,37,0,104,0,18,2,66,86,20
nominal,37,0,77,0,8,-26,40,69,30
nominal,37,-1,81,-4,36,-13,43,44,2
nominal,37,0,76,-1,24,4,39,52,14
nominal,43,2,76,-3,42,-5,33,35,2
nominal,45,-1,81,0,46,13,36,35,0
nominal,48,0,88,0,46,-2,39,41,2
nominal,45,0,82,2,44,0,37,38,0
nominal,37,0,78,0,20,30,41,57,16
nominal,44,0,87,0,42,-30,43,46,2
nominal,56,0,97,0,56,4,40,40,0
nominal,37,0,76,0,20,-30,40,55,16
nominal,37,0,78,0,6,-17,41,73,32
nominal,44,-536,88,0,44,0,44,44,0
nominal,62,0,109,0,62,3,47,47,0
nominal,52,0,86,0,54,29,33,32,0
nominal,67,-4,109,-2,68,0,43,42,0
nominal,37,0,96,0,28,-11,59,68,8
anomaly,82,0,86,1,-40,2,5,128,124
nominal,56,-3,88,0,54,-23,32,33,2
nominal,53,0,86,0,52,-21,32,34,2
nominal,42,0,86,3,42,0,45,45,0
nominal,47,0,81,-2,46,0,34,34,0
nominal,49,0,77,0,46,-2,29,31,2
nominal,45,0,79,-1,46,7,33,32,0
nominal,46,1,83,0,46,3,37,36,0
nominal,43,-3,99,0,42,-14,56,58,2
nominal,47,-3,83,0,46,0,36,37,0
nominal,37,0,83,-7,6,0,46,77,32
nominal,56,0,97,0,54,28,41,42,2
anomaly,82,-2,86,0,-40,0,5,128,124
nominal,37,0,78,0,2,25,41,75,34
nominal,43,0,90,0,44,18,47,46,0
nominal,37,0,79,0,20,7,42,58,16
nominal,44,-1,87,0,42,-30,43,46,2
nominal,50,4,90,0,50,0,41,41,0
nominal,38,5,81,0,38,9,43,42,0
nominal,37,0,83,0,36,-5,45,46,2
nominal,53,3,102,6,54,2,49,48,0
nominal,43,0,79,7,42,0,36,38,2
nominal,44,0,84,-4,44,1,41,41,0
nominal,57,5,86,0,56,0,30,30,0
nominal,37,0,81,4,36,0,44,44,0
nominal,52,0,86,-6,52,0,33,34,0
nominal,49,-1,83,0,50,2,34,33,0
nominal,41,0,81,0,42,0,40,40,0
nominal,37,0,79,0,26,-14,42,53,12
nominal,41,0,87,2,42,16,46,46,0
nominal,37,0,79,2,2,-5,43,77,34
nominal,46,-4,83,0,46,0,37,36,0
anomaly,83,0,87,0,-40,1,4,128,124
nominal,49,0,96,6,50,0,47,47,0
nominal,37,0,82,-5,-4,0,45,87,42
nominal,51,-2,82,0,52,0,31,30,0
nominal,47,4,87,2,46,0,40,41,0
nominal,44,0,81,-4,44,6,38,37,0
nominal,37,0,80,3,8,6,43,72,28
nominal,37,0,77,3,34,-4,40,43,2
nominal,37,0,75,0,28,-17,38,46,8
nominal,37,0,79,0,28,10,42,50,8
nominal,43,0,76,0,44,28,33,32,0
nominal,44,0,84,0,42,-27,40,43,2
nominal,47,-5,81,-6,46,0,33,34,0
nominal,37,0,81,0,24,-14,44,57,14
anomaly,85,0,88,-1,2,-3,3,86,82
nominal,56,4,83,0,56,1,27,26,0
nominal,44,0,83,0,44,19,40,39,0
nominal,37,-2,75,-1,20,0,38,54,16
anomaly,78,0,83,1,-46,0,4,129,124
nominal,45,0,90,0,44,-6,45,46,2
nominal,39,5,86,0,38,0,47,48,0
nominal,37,0,96,4,24,0,59,73,14
nominal,44,0,86,0,42,-9,43,45,2
nominal,55,-2,83,0,54,-3,27,28,2
nominal,50,5,79,1,50,0,29,30,0
anomaly,81,1,84,0,-20,0,4,105,102
nominal,51,0,88,0,52,14,37,36,0
nominal,44,5,79,0,42,-15,35,37,2
nominal,41,1,82,0,42,16,41,41,0
nominal,37,0,76,0,34,5,39,42,2
nominal,37,0,83,0,6,0,46,78,32
nominal,58,3,81,-4,56,0,24,24,0
nominal,62,-1,109,0,62,2,48,47,0
nominal,37,5,76,-1,20,0,39,55,16
nominal,37,0,106,-2,28,-19,69,78,8
nominal,37,0,79,0,2,15,42,76,34
nominal,37,0,77,0,24,5,40,54,14
nominal,40,-5,84,0,38,0,45,46,2
nominal,37,0,83,0,-2,-20,47,86,40
nominal,56,0,83,0,56,7,27,26,0
nominal,37,1,74,0,34,0,37,41,4
nominal,46,0,79,1,46,4,33,32,0
nominal,56,4,89,0,54,-10,33,35,2
nominal,44,1,83,3,44,0,38,39,0
nominal,43,0,79,0,44,12,35,35,0
nominal,37,0,81,-1,34,0,43,47,4
nominal,53,0,104,0,54,2,51,49,0
nominal,49,2,81,0,46,-1,33,35,2
nominal,46,-2,90,0,46,0,44,44,0
nominal,37,0,78,0,8,-7,41,70,30
nominal,46,0,77,0,44,-27,32,34,2
nominal,48,0,86,-4,46,0,39,40,2
nominal,44,-1,76,0,44,0,31,32,0
nominal,44,-4,78,0,44,0,34,34,0
nominal,42,-3,82,0,42,0,40,41,0
nominal,44,0,80,0,42,-24,36,39,2
nominal,66,1,112,-4,68,6,46,45,0
nominal,53,3,86,0,52,-7,33,34,2
nominal,40,-5,86,0,38,0,46,47,2
nominal,53,0,81,0,52,-20,28,30,2
nominal,37,0,106,-2,34,1,68,72,4
nominal,37,0,76,6,18,0,40,58,18
nominal,53,0,85,0,52,-21,32,33,2
nominal,46,5,79,0,46,15,33,32,0
nominal,37,0,104,0,16,-12,67,89,22
nominal,37,0,77,3,34,-5,40,43,2
nominal,53,0,78,0,54,24,25,24,0
nominal,56,0,83,0,56,5,26,26,0
nominal,56,-2,86,0,54,-30,31,32,2
nominal,53,2,84,0,52,-11,31,32,2
nominal,45,1,81,0,44,-1,36,37,2
nominal,49,-1,81,0,50,8,33,32,0
nominal,51,1,88,0,50,-9,36,39,2
nominal,58,1,84,0,56,0,27,28,0
nominal,41,0,86,0,42,3,45,44,0
nominal,37,0,107,0,28,-7,69,78,8
nominal,37,-1,105,0,34,-15,68,71,4
nominal,45,-2,81,0,44,0,36,37,2
nominal,46,0,83,2,46,10,37,37,0
nominal,44,3,81,0,44,18,37,37,0
nominal,37,0,80,0,18,-24,43,62,18
nominal,44,1,86,1,44,9,43,42,0
nominal,49,-1,87,0,50,0,38,38,0
nominal,44,0,82,0,44,24,38,38,0
nominal,37,0,79,0,24,-10,43,56,14
nominal,41,-5,75,0,42,0,34,34,0
nominal,37,0,82,-1,36,-1,45,46,2
nominal,48,-2,95,0,46,0,47,49,2
nominal,56,4,95,0,54,24,39,41,2
nominal,46,-5,85,0,46,0,39,39,0
nominal,42,4,77,-1,42,0,36,36,0
nominal,43,0,86,-1,42,-4,42,44,2
nominal,37,0,78,0,16,18,41,63,22
nominal,49,2,88,0,46,-9,40,42,2
nominal,45,-5,107,0,44,-24,62,63,2
nominal,45,0,77,0,46,31,32,31,0
nominal,53,0,88,5,54,1,34,33,0
nominal,51,4,88,0,52,13,36,36,0
nominal,38,0,76,8,38,0,38,37,0
nominal,45,0,85,0,44,-21,40,41,2
nominal,37,0,76,0,24,-1,40,53,14
nominal,51,5,84,0,50,0,33,35,2
nominal,41,-4,79,0,42,0,38,37,0
nominal,46,1,88,3,46,18,42,41,0
nominal,37,0,79,0,30,21,42,48,6
nominal,49,0,95,0,46,-22,47,49,2
nominal,37,2,82,-2,34,0,45,48,4
nominal,37,0,77,5,36,9,40,41,0
nominal,37,0,76,3,28,-7,39,48,8
nominal,45,-10,77,0,44,-1,32,34,2
nominal,47,5,107,0,46,0,59,60,0
nominal,56,0,79,0,56,13,23,22,0
nominal,37,0,100,0,28,-29,64,72,8
nominal,37,0,76,0,34,-23,40,43,2
nominal,43,7,85,-3,42,-5,42,44,2
nominal,56,-1,96,0,54,2,40,42,2
nominal,41,-2,86,0,42,11,45,44,0
nominal,37,0,106,3,24,-22,69,83,14
anomaly,74,1,79,3,-42,0,4,123,118
nominal,37,0,76,0,36,-15,38,39,2
nominal,49,1,86,0,50,12,38,37,0
nominal,37,0,78,0,-2,7,42,81,40
nominal,46,1,102,0,44,-25,57,58,2
nominal,52,0,82,0,54,23,29,28,0
nominal,37,0,77,0,34,2,41,44,2
nominal,37,0,76,0,30,17,40,45,6
nominal,44,-2,86,0,44,0,43,42,0
nominal,43,0,87,2,42,-7,44,46,2
nominal,52,0,83,0,52,-4,30,31,0
nominal,55,0,83,0,56,25,27,26,0
nominal,45,4,86,0,44,-2,40,42,2
nominal,37,-1,78,8,0,7,41,78,36
nominal,37,0,77,-4,-12,-4,40,90,50
nominal,37,0,77,0,-4,4,41,83,42
nominal,49,3,80,0,50,2,31,31,0
nominal,55,0,83,-4,54,0,27,28,2
nominal,53,1,78,0,52,-10,25,26,2
nominal,38,1,79,0,38,8,41,40,0
nominal,56,-4,88,0,54,-29,32,33,2
nominal,44,0,85,0,42,-30,41,44,2
nominal,37,0,79,0,6,4,42,74,32
nominal,51,0,86,0,52,21,36,35,0
nominal,50,-2,85,2,50,0,35,36,0
nominal,37,0,90,0,34,-24,53,57,4
nominal,51,0,88,1,52,2,36,36,0
nominal,51,-3,80,0,50,-7,29,31,2
nominal,53,1,81,0,54,0,27,26,0
nominal,37,-1,78,-4,34,-8,41,45,4
nominal,37,0,81,0,24,0,44,57,14
nominal,41,1,83,0,42,10,41,41,0
nominal,50,-2,83,0,50,0,33,34,2
nominal,45,0,80,0,44,-9,35,36,2
nominal,39,0,77,-1,38,0,38,39,0
nominal,37,0,106,0,28,-19,68,77,8
nominal,45,0,82,0,46,25,37,35,0
nominal,44,2,82,-5,44,0,38,38,0
nominal,53,-1,81,0,54,3,28,27,0
nominal,46,5,87,0,46,14,41,41,0
nominal,53,-5,84,0,54,0,31,30,0
nominal,37,0,81,0,24,9,44,57,14
nominal,44,-4,88,0,44,0,44,44,0
nominal,49,0,85,0,46,-21,36,39,2
nominal,47,0,77,0,46,0,30,30,0
nominal,37,0,76,6,30,9,39,45,6
nominal,44,0,83,0,44,9,40,39,0
anomaly,86,3,89,0,8,19,3,81,78
anomaly,82,0,85,-1,-2,7,3,88,84
nominal,45,0,83,1,46,17,37,36,0
nominal,46,5,77,0,46,1,31,30,0
nominal,58,-3,85,0,56,0,28,28,0
nominal,51,0,77,0,52,2,26,25,0
nominal,37,0,78,1,10,-30,42,68,26
nominal,36,2,83,0,36,16,47,47,0
nominal,40,0,109,4,38,0,69,71,2
nominal,44,1,78,-2,44,0,34,34,0
nominal,44,1,79,0,44,23,35,35,0
nominal,41,0,76,0,38,-15,34,37,2
nominal,45,0,84,0,44,-2,38,40,2
nominal,49,2,86,0,50,0,37,37,0
nominal,56,-3,107,0,56,4,51,50,0
nominal,37,0,76,0,28,22,39,47,8
nominal,37,0,75,3,24,0,38,52,14
nominal,44,2,81,0,44,11,38,37,0
nominal,50,-1,89,-7,50,0,39,40,2
nominal,52,-3,84,0,52,0,32,32,0
nominal,39,-7,90,2,6,0,51,85,34
nominal,41,4,78,0,42,10,37,37,0
nominal,37,0,107,8,30,0,70,76,6
nominal,45,-3,82,-7,46,5,37,35,0
nominal,38,3,77,0,36,-18,40,41,2
anomaly,81,0,84,0,-18,4,4,103,98
nominal,56,0,79,0,54,-8,23,24,2
nominal,37,0,78,0,24,24,42,55,14
nominal,50,-1,88,0,50,0,38,39,2
nominal,39,1,78,4,38,0,39,39,0
anomaly,121,962,106,-2,34,-3,-15,72,88
nominal,45,-4,83,0,44,-14,37,39,2
nominal,37,0,104,0,16,-22,67,89,22
nominal,37,0,79,0,12,-30,43,66,24
nominal,37,0,101,-4,28,0,64,73,8
nominal,45,2,76,0,44,-2,31,32,2
nominal,56,0,95,0,54,-4,40,41,2
nominal,37,0,79,-3,0,0,42,79,36
nominal,49,0,88,1,46,-19,39,41,2
nominal,37,0,77,0,28,2,40,48,8
nominal,37,0,77,0,-20,-24,41,98,58
nominal,51,4,78,0,50,0,27,29,2
nominal,37,0,76,0,18,-22,40,58,18
nominal,37,0,83,2,8,-2,47,75,28
nominal,41,0,80,-3,42,0,39,39,0
nominal,47,0,84,2,46,0,37,38,0
nominal,38,2,77,0,38,6,39,38,0
nominal,46,3,87,0,46,4,41,41,0
nominal,37,0,94,0,10,-23,57,84,26
anomaly,76,2,81,0,-42,0,4,125,120
nominal,37,0,90,5,8,26,53,82,30
nominal,39,-1,86,-1,38,0,47,47,0
nominal,48,2,77,0,46,0,28,30,2
nominal,39,1,106,0,38,0,68,67,0
nominal,37,0,76,-1,26,-4,39,50,12
nominal,37,0,76,0,30,3,40,45,6
nominal,37,0,74,0,28,14,38,46,8
nominal,42,0,80,-4,42,0,38,39,2
anomaly,42,-25,77,0,-2,0,34,79,46
nominal,37,0,75,0,30,5,38,44,6
nominal,41,0,89,0,38,-19,48,50,2
nominal,44,0,89,0,42,-27,45,48,2
nominal,37,0,77,7,34,-6,41,44,2
nominal,52,0,86,-1,52,0,34,34,0
nominal,37,0,95,0,28,2,58,67,8
nominal,51,0,84,2,50,-22,33,35,2
nominal,44,0,75,0,44,14,31,31,0
nominal,44,1,86,0,44,6,43,42,0
nominal,37,0,76,0,28,-14,39,48,8
nominal,52,0,88,0,52,-6,35,36,0
nominal,41,-5,81,0,42,8,40,39,0
anomaly,105,-5,106,2,70,0,2,36,34
nominal,37,3,77,0,34,-13,39,43,4
anomaly,83,-1,86,0,-6,0,4,94,90
nominal,49,0,77,3,46,-22,28,30,2
nominal,55,0,96,0,54,1,41,42,0
nominal,47,-3,82,0,46,0,34,35,0
nominal,37,0,83,0,34,10,46,49,2
nominal,53,0,102,2,52,-24,49,51,2
nominal,37,0,81,0,24,-6,44,57,14
nominal,55,3,83,0,54,0,28,28,0
nominal,48,-1,83,0,46,-3,35,37,2
nominal,44,0,79,0,44,12,36,35,0
anomaly,79,0,84,3,-42,-8,4,128,124
nominal,37,0,93,0,12,6,56,81,24
nominal,44,2,77,7,44,1,33,33,0
nominal,37,0,75,0,34,26,38,41,2
nominal,41,-4,80,0,42,23,39,39,0
nominal,55,3,83,-5,54,0,27,28,2
nominal,39,-1,76,0,38,0,36,37,0
nominal,52,-3,81,0,52,0,29,30,0
nominal,46,4,77,0,46,3,31,31,0
nominal,42,5,89,0,42,0,47,48,2
nominal,37,0,105,-2,28,0,68,77,8
nominal,47,-4,83,0,46,0,36,37,0
nominal,37,0,78,0,10,-13,42,68,26
nominal,49,0,83,0,46,-10,34,36,2
nominal,41,-5,80,0,42,6,39,39,0
nominal,37,0,105,0,24,1,68,82,14
nominal,37,0,74,0,26,-8,38,48,10
nominal,37,0,81,4,-2,0,44,84,40
nominal,38,0,82,0,38,6,44,43,0
nominal,47,1,102,0,46,0,55,55,0
nominal,37,0,79,0,30,20,42,48,6
anomaly,102,0,103,0,70,-7,1,33,32
nominal,47,-4,89,0,46,0,42,42,0
nominal,37,0,76,0,28,-3,40,48,8
anomaly,84,0,88,-1,6,-5,5,83,78
nominal,45,0,88,2,44,2,43,44,2
nominal,46,0,86,0,46,3,40,39,0
nominal,56,0,108,4,56,22,52,51,0
nominal,37,0,77,0,-20,10,41,98,58
nominal,46,0,82,0,44,-15,36,38,2
nominal,55,-4,79,0,54,-6,23,24,2
nominal,41,-5,86,-1,38,-17,45,47,2
nominal,43,0,79,0,44,11,35,35,0
nominal,37,0,83,0,10,-16,46,72,26
nominal,44,1,86,0,44,12,42,42,0
nominal,39,3,79,5,38,0,39,40,0
nominal,66,0,112,-2,68,3,46,45,0
nominal,51,0,83,3,50,-1,32,33,2
nominal,41,0,77,-4,42,0,36,35,0
nominal,43,0,86,0,44,23,43,42,0
nominal,53,-2,108,0,54,0,55,54,0
nominal,37,0,77,0,26,12,40,51,10
nominal,46,1,83,0,46,7,37,36,0
nominal,41,0,83,-3,42,19,42,41,0
nominal,39,0,79,5,38,0,41,41,0
nominal,53,-1,81,0,54,0,28,27,0
nominal,37,0,81,0,36,-20,44,45,2
nominal,59,0,87,0,56,-14,28,30,2
nominal,37,0,78,0,8,21,42,70,28
nominal,37,0,100,0,30,-19,64,69,6
nominal,42,4,77,2,42,0,35,36,2
nominal,37,-18,106,-1,34,-3,69,72,4
nominal,56,0,86,0,54,-14,30,32,2
nominal,37,0,75,0,20,-15,38,54,16
nominal,41,0,83,0,38,-19,42,44,2
nominal,51,0,88,5,52,8,36,36,0
nominal,37,0,81,0,28,-26,45,53,8
nominal,37,0,90,0,34,31,53,57,4
nominal,37,0,97,1,34,0,60,64,4
nominal,37,0,80,0,34,-12,43,46,2
nominal,46,0,81,3,44,-30,35,37,2
anomaly,103,-2,104,-6,70,-23,1,34,34
nominal,46,0,86,0,46,2,41,40,0
nominal,50,4,86,0,50,0,37,37,0
nominal,40,1,81,-4,38,0,41,42,2
nominal,44,4,80,0,44,13,36,36,0
nominal,44,-5,76,-1,44,0,32,32,0
nominal,38,1,103,2,34,0,65,69,4
nominal,37,0,104,0,26,30,66,78,12
nominal,42,2,77,0,42,0,34,35,2
nominal,37,0,81,-2,20,0,44,61,16
nominal,56,-5,81,0,56,3,25,24,0
nominal,42,0,77,6,42,0,35,36,2
nominal,43,1,81,-3,42,0,38,40,2
nominal,37,0,96,0,34,1,59,62,4
nominal,42,2,89,2,42,0,47,48,0
nominal,37,0,76,0,38,25,38,37,0
nominal,41,0,88,0,42,7,47,46,0
nominal,46,1,88,0,46,4,42,41,0
nominal,43,3,86,0,42,0,44,45,2
anomaly,85,0,88,-1,0,0,3,88,84
nominal,40,0,84,6,38,0,44,45,2
nominal,41,0,75,0,38,-30,34,36,2
nominal,41,0,82,0,38,-5,41,43,2
nominal,37,0,83,0,34,-22,46,49,2
nominal,53,1,80,0,52,-1,27,28,2
nominal,39,4,93,1,34,0,54,60,6
nominal,37,0,83,0,30,10,46,52,6
nominal,37,0,76,0,20,10,40,55,16
anomaly,107,3,108,0,70,0,1,38,36
nominal,46,-1,85,-1,46,0,39,39,0
nominal,49,-2,77,-2,46,-21,29,31,2
nominal,44,-4,76,-2,44,3,32,32,0
nominal,45,-1,77,0,44,-8,31,33,2
nominal,51,4,84,0,52,12,33,32,0
nominal,37,0,76,0,28,-29,40,48,8
nominal,45,-1,81,0,46,9,35,34,0
nominal,37,0,74,0,34,3,37,41,4
anomaly,80,0,84,0,-38,-3,4,123,118
nominal,37,0,79,-7,24,0,42,55,14
nominal,37,0,78,0,10,-3,41,68,26
nominal,44,2,79,0,44,6,36,35,0
nominal,57,2,86,0,56,0,30,30,0
nominal,53,-2,86,0,52,-23,33,34,2
nominal,37,0,107,2,36,0,69,71,2
nominal,42,0,81,0,42,21,39,40,0
anomaly,37,-110,106,0,34,-3,69,72,4
nominal,37,0,82,4,34,0,45,48,2
nominal,41,-1,83,0,42,7,42,41,0
anomaly,80,5,84,1,-40,9,4,126,122
nominal,38,3,77,0,38,1,39,38,0
nominal,56,0,92,0,56,5,36,35,0
nominal,42,0,78,0,42,-1,36,37,2
nominal,50,0,82,8,50,0,32,33,2
nominal,46,-1,79,2,46,0,33,32,0
nominal,37,-1,105,1,18,0,68,87,18
nominal,37,0,76,6,24,12,39,53,14
nominal,40,5,85,0,38,0,45,46,2
nominal,46,4,86,0,46,12,40,39,0
nominal,56,0,81,0,54,-18,25,26,2
nominal,52,-2,80,0,52,0,28,28,0
anomaly,83,0,86,8,-2,0,4,89,86
nominal,46,-5,86,-1,46,-2,40,40,0
nominal,50,1,82,8,50,0,32,33,2
nominal,37,0,104,0,28,4,66,75,8
nominal,37,0,79,-7,8,0,42,72,30
nominal,43,-2,83,0,42,-9,39,41,2
nominal,52,0,84,-2,52,-3,32,32,0
nominal,51,0,78,0,52,8,27,26,0
nominal,51,0,84,0,52,24,33,32,0
nominal,41,2,83,0,42,8,42,42,0
nominal,37,0,106,-4,34,1,68,72,4
anomaly,51,23,77,0,28,0,26,48,22
nominal,49,2,95,0,50,23,47,46,0
nominal,44,0,86,0,42,-4,42,44,2
nominal,40,0,86,0,38,-5,46,48,2
nominal,37,0,76,3,28,0,40,48,8
nominal,48,0,106,0,50,31,58,57,0
nominal,37,0,77,0,36,-4,39,41,2
nominal,50,1,102,0,50,0,52,53,0
nominal,37,0,104,0,18,18,67,86,18
nominal,37,0,77,0,34,9,41,44,2
nominal,37,0,81,0,30,18,45,50,6
nominal,46,4,77,0,46,1,31,30,0
nominal,55,0,81,0,54,-1,26,27,0
nominal,44,0,75,0,42,-27,31,34,2
nominal,37,0,76,-1,20,-3,40,55,16
nominal,44,1,86,0,42,-11,42,44,2
nominal,48,2,102,0,46,0,54,55,2
nominal,42,5,106,0,42,1,65,65,0
nominal,37,0,81,3,36,0,43,44,2
nominal,50,4,79,0,50,0,29,30,0
nominal,37,0,78,0,20,-7,41,57,16
nominal,37,0,81,0,26,9,45,55,10
nominal,56,0,81,0,54,-23,25,27,2
nominal,37,0,77,0,12,0,40,64,24
nominal,38,2,102,0,38,1,64,63,0
nominal,59,0,86,-4,60,27,28,27,0
nominal,46,3,89,0,44,-23,43,45,2
nominal,37,0,77,0,8,7,40,69,30
nominal,37,0,83,0,34,-3,46,49,2
nominal,38,3,83,-1,38,-1,44,44,0
nominal,37,0,92,0,16,29,54,76,22
nominal,39,0,77,3,38,0,38,38,0
nominal,41,0,83,1,38,-6,42,44,2
nominal,46,0,81,5,46,1,35,35,0
nominal,41,0,77,0,38,-23,36,38,2
nominal,40,-2,86,0,38,0,46,48,2
nominal,49,-3,77,0,50,14,29,28,0
nominal,37,0,79,-1,20,-3,42,58,16
nominal,49,0,95,0,50,19,47,46,0
nominal,53,0,88,6,52,-5,35,36,2
nominal,41,0,79,-4,42,25,38,37,0
nominal,40,0,88,8,38,0,48,50,2
nominal,45,4,86,0,46,25,41,40,0
nominal,37,0,104,0,26,16,66,78,12
nominal,37,0,76,6,20,-15,39,55,16
nominal,45,-4,87,0,46,14,42,41,0
nominal,42,1,88,0,42,0,46,47,2
nominal,51,0,85,0,50,-1,34,36,2
nominal,37,0,81,-7,20,20,44,61,16
nominal,68,0,111,0,68,0,43,44,0
nominal,43,-1,96,-3,42,104,53,55,2
nominal,45,1,102,0,44,0,58,58,0
nominal,49,0,84,0,46,-10,36,38,2
nominal,51,-2,83,0,50,-31,32,34,2
nominal,46,1,86,1,46,0,40,39,0
nominal,51,-3,77,0,50,-12,27,28,2
nominal,41,0,84,5,38,-20,44,46,2
nominal,37,0,97,-2,34,-3,59,63,4
nominal,54,-1,81,-1,54,0,28,27,0
anomaly,90,-37,107,0,64,-23,17,42,26
nominal,46,0,90,7,46,0,44,44,0
nominal,37,-1,82,-2,38,9,45,43,0
nominal,45,-2,79,0,46,21,33,32,0
nominal,37,0,79,0,28,-4,42,50,8
nominal,47,2,84,0,46,0,37,38,0
nominal,37,0,74,0,34,22,37,41,4
nominal,43,0,86,1,42,-6,43,45,2
nominal,46,1,83,0,44,-25,37,39,2
nominal,46,0,86,-5,46,0,40,39,0
nominal,43,0,102,0,42,-22,59,61,2
nominal,44,0,87,1,44,1,43,43,0
nominal,42,5,84,0,42,0,41,43,2
nominal,45,0,77,4,44,0,32,34,2
nominal,39,0,85,-1,38,0,46,46,0
nominal,37,0,81,0,24,-2,44,57,14
nominal,44,5,79,0,44,13,35,35,0
nominal,51,0,85,0,52,7,34,33,0
nominal,43,0,87,7,42,-2,44,46,2
nominal,44,-41,88,0,44,0,44,44,0
nominal,45,3,106,-1,44,-4,61,62,2
nominal,38,1,76,0,38,4,38,37,0
nominal,41,0,85,0,42,12,44,44,0
nominal,40,4,86,0,38,0,46,48,2
nominal,45,0,84,-3,44,0,39,40,0
anomaly,81,0,86,4,-40,4,5,127,122
nominal,37,0,76,0,36,9,40,40,0
anomaly,79,0,83,-1,-40,0,4,125,120
nominal,46,5,88,0,46,14,42,41,0
nominal,41,0,77,0,38,-30,36,38,2
nominal,52,-3,102,0,52,0,50,50,0
nominal,53,0,82,0,52,0,29,30,2
nominal,44,0,85,-2,42,-27,41,44,2
nominal,44,-1,92,-2,44,0,47,48,0
nominal,37,4,78,0,16,2,41,63,22
nominal,39,4,102,0,38,0,62,63,0
nominal,48,0,83,3,46,0,35,37,2
anomaly,102,-3,104,-1,72,14,1,31,30
nominal,51,0,82,0,50,-5,31,33,2
anomaly,83,-1,86,0,-4,-8,4,92,88
nominal,37,0,83,0,2,4,46,81,34
nominal,46,0,86,0,46,-1,40,39,0
nominal,52,0,86,0,52,0,35,35,0
nominal,40,1,107,2,38,0,67,68,2
nominal,55,0,86,7,54,0,31,32,0
nominal,37,0,103,0,20,5,66,82,16
nominal,45,0,87,4,46,18,42,41,0
anomaly,104,3,105,4,70,0,1,35,34
nominal,39,-1,82,1,38,0,43,43,0
nominal,46,0,108,5,46,12,62,62,0
nominal,37,0,79,-1,20,-2,42,58,16
nominal,41,-1,80,0,42,9,39,39,0
nominal,37,0,77,0,36,-13,40,41,2
nominal,44,2,79,0,44,20,35,35,0
nominal,37,0,77,0,36,976,39,41,2
nominal,37,0,90,0,26,23,52,64,12
nominal,44,-4,87,0,44,0,43,43,0
nominal,41,0,81,0,38,-22,40,42,2
nominal,44,0,79,-1,42,-27,35,37,2
nominal,56,0,95,0,54,-22,40,41,2
nominal,41,4,86,0,38,-1,46,48,2
nominal,49,4,81,0,50,11,32,32,0
nominal,37,0,78,0,20,21,41,57,16
nominal,38,2,76,0,36,-4,38,39,2
nominal,53,1,84,0,54,0,31,30,0
nominal,46,0,76,0,46,15,30,30,0
nominal,53,0,77,0,54,4,23,23,0
nominal,37,0,79,-1,0,10,42,79,36
nominal,46,0,77,0,44,-25,31,33,2
nominal,37,0,77,0,-4,-3,41,83,42
nominal,45,0,86,1,44,-17,41,42,2
nominal,41,0,78,4,38,-11,37,39,2
nominal,44,1,85,0,44,4,41,41,0
nominal,37,0,77,-3,36,-6,39,41,2
anomaly,104,-3,105,0,72,2,1,33,32
nominal,46,-1,87,-7,46,0,41,41,0
anomaly,81,0,84,0,-18,-12,3,103,100
nominal,45,0,80,-2,44,0,35,36,0
nominal,43,-2,76,0,44,24,33,32,0
nominal,52,-1,87,4,52,0,35,35,0
nominal,37,0,97,-4,30,-19,60,66,6
nominal,37,-4,106,0,34,5,69,72,4
nominal,53,1,78,0,54,28,25,24,0
nominal,41,-1,82,0,42,7,41,41,0
nominal,52,2,81,1,52,0,29,30,0
nominal,48,-1,89,0,46,-3,41,42,2
nominal,37,0,106,-9,26,0,69,80,12
nominal,49,0,86,-2,46,-18,38,40,2
nominal,41,1,83,-1,38,0,42,44,2
nominal,41,5,79,0,42,14,38,38,0
nominal,37,0,76,0,28,28,39,48,8
nominal,40,-3,80,2,38,0,40,41,2
anomaly,79,0,83,2,-42,0,5,127,122
nominal,40,4,75,0,38,0,35,36,2
nominal,47,4,88,0,46,0,42,42,0
nominal,37,4,80,0,6,-11,43,75,32
nominal,56,0,97,1,54,0,40,42,2
nominal,50,-5,81,8,50,0,32,32,0
nominal,41,3,82,0,42,5,41,41,0
nominal,38,0,79,-1,38,0,41,41,0
nominal,45,-3,77,0,44,0,32,33,2
nominal,49,0,82,0,50,0,33,33,0
nominal,46,0,85,-3,46,-3,39,39,0
nominal,37,-329,105,0,36,0,68,69,0
nominal,54,0,87,4,54,0,33,33,0
nominal,56,1,83,0,56,0,26,26,0
nominal,52,1,87,1,52,0,35,35,0
nominal,37,0,94,0,10,0,57,84,26
nominal,56,0,83,0,54,-10,27,28,2
anomaly,82,0,86,3,-10,-30,4,96,92
nominal,49,0,77,6,50,0,28,28,0
nominal,44,0,85,6,44,4,41,41,0
nominal,53,4,87,0,52,-1,34,35,2
nominal,37,0,75,0,30,9,38,44,6
nominal,46,-2,76,0,46,0,29,29,0
nominal,37,0,76,5,28,0,39,48,8
nominal,47,0,86,5,46,0,39,40,0
nominal,37,0,104,0,28,1,66,75,8
nominal,37,0,80,-3,36,0,43,44,0
nominal,45,0,76,0,46,29,31,30,0
nominal,37,-2,90,0,8,2,53,82,30
nominal,46,0,86,3,46,0,40,39,0
nominal,47,-5,90,0,46,0,43,43,0
anomaly,105,-1,106,-3,70,-4,1,36,36
nominal,46,0,93,0,46,9,48,47,0
nominal,37,0,77,0,36,4,40,41,2
nominal,47,3,93,0,46,0,47,47,0
nominal,41,2,79,0,38,-13,38,40,2
nominal,52,-4,88,0,52,0,35,36,0
nominal,37,0,79,0,0,0,42,79,36
anomaly,78,4,81,0,-40,0,4,123,120
nominal,48,-1,77,0,46,-7,28,30,2
nominal,53,4,81,-1,54,6,28,27,0
nominal,37,-5,76,0,38,6,39,37,0
nominal,46,0,77,-2,46,1,31,30,0
nominal,42,-4,79,0,42,0,37,37,0
nominal,51,1,87,0,52,5,36,35,0
nominal,37,0,106,-2,26,0,69,80,12
nominal,37,0,77,5,38,25,39,38,0
nominal,37,0,82,-3,34,0,45,48,2
anomaly,83,0,86,0,-6,-12,3,94,90
nominal,37,0,75,0,26,9,38,49,12
nominal,37,0,107,-4,30,0,70,76,6
nominal,55,0,86,0,56,21,31,30,0
nominal,44,-4,80,-7,44,2,36,36,0
nominal,45,0,85,0,44,12588,41,41,0
nominal,45,0,86,1,46,20,41,40,0
nominal,37,0,76,1,24,19,39,52,14
nominal,47,1,85,0,46,0,38,39,0
nominal,51,5,78,0,50,-8,27,29,2
anomaly,82,0,85,0,-6,24,3,93,90
nominal,49,0,86,0,46,-15,37,39,2
nominal,38,1,76,0,36,-15,38,39,2
nominal,51,0,89,3,52,4,38,37,0
nominal,41,2,97,0,38,-26,55,58,2
nominal,37,0,95,0,18,0,58,77,18
nominal,40,-4,77,0,38,0,36,38,2
nominal,48,-4,79,0,46,-2,30,32,2
nominal,47,5,77,0,46,0,30,31,0
nominal,41,5,102,0,38,0,61,63,2
nominal,54,0,103,1,54,0,49,49,0
nominal,37,0,77,0,16,-16,41,62,22
nominal,49,3,81,0,50,1,32,32,0
nominal,57,5,79,0,56,0,22,23,0
nominal,37,4,79,0,24,2,41,55,14
anomaly,78,-1,83,0,-40,1,4,124,120
anomaly,105,6,106,2,70,0,1,36,36
nominal,45,0,85,1,44,-10,40,41,2
nominal,46,0,85,0,46,21,39,39,0
nominal,37,-25,78,0,10,0,42,68,26
anomaly,102,0,102,-2,70,-10,1,33,32
nominal,48,0,108,1,46,0,59,61,2
nominal,38,0,106,0,38,12,68,67,0
nominal,37,0,77,3,26,13,41,52,10
nominal,41,0,81,0,42,12,41,40,0
nominal,37,0,80,1,6,-11,43,75,32
nominal,55,-4,82,1,54,0,27,28,0
nominal,51,1,86,0,52,28,35,34,0
nominal,43,-2,86,0,42,-27,42,44,2
nominal,38,0,75,0,38,0,37,36,0
nominal,37,0,76,0,28,7,39,47,8
nominal,49,0,86,-1,50,-1,37,37,0
nominal,37,0,95,0,24,10,58,72,14
nominal,53,0,79,0,52,-15,26,27,2
nominal,44,0,82,0,42,-24,38,41,2
nominal,56,0,84,0,54,-3,28,30,2
nominal,49,1,82,0,46,-7,33,35,2
nominal,41,0,76,0,42,30,35,35,0
nominal,37,0,74,0,28,1,38,46,8
nominal,42,4,86,0,42,0,44,44,0
nominal,38,1,80,0,38,11,42,41,0
nominal,50,5,83,0,50,0,33,33,0
nominal,54,2,104,0,54,0,50,49,0
nominal,56,0,95,-3,56,7,40,39,0
nominal,55,0,95,0,54,14,40,41,2
nominal,37,0,106,0,28,23,68,77,8
nominal,37,0,80,1,36,0,43,44,0
nominal,46,2,83,0,46,4,37,36,0
anomaly,83,0,87,8,-4,10,4,92,88
nominal,49,-1,80,0,50,11,31,31,0
nominal,37,0,79,0,12,-4,43,66,24
nominal,52,3,80,6,52,0,28,28,0
anomaly,77,2,82,6,-40,15,5,123,118
nominal,51,0,83,0,50,-16,32,34,2
nominal,37,0,77,0,18,0,40,59,18
nominal,37,0,76,0,24,-19,39,52,14
nominal,51,5,81,0,52,12,29,29,0
nominal,51,0,77,0,50,-26,26,28,2
nominal,41,0,86,0,42,17,46,45,0
anomaly,80,0,84,0,-40,26,4,125,122
nominal,53,0,77,-3,54,5,25,23,0
nominal,37,0,76,-1,38,14,39,37,0
nominal,45,0,102,0,44,-4,57,58,2
nominal,52,2,102,0,52,0,50,50,0
nominal,50,4,102,0,50,0,52,53,0
nominal,37,0,82,0,18,4,45,64,18
anomaly,79,2,83,0,-30,0,4,114,110
nominal,51,0,85,0,52,3,34,33,0
nominal,44,4,85,0,44,1,41,41,0
nominal,41,0,83,0,42,4,42,42,0
nominal,37,0,76,0,36,-6,39,40,2
anomaly,80,0,84,0,-36,-6,4,120,116
nominal,53,0,86,0,54,7,33,32,0
nominal,37,0,104,-2,18,-6,67,86,20
anomaly,81,0,84,0,-24,0,4,110,106
nominal,37,0,83,0,0,6,47,83,36
nominal,37,1,81,0,36,0,44,45,0
nominal,46,0,80,-2,46,0,34,34,0
nominal,41,0,83,6,38,-13,42,44,2
nominal,43,3,81,0,42,0,37,39,2
nominal,45,0,85,2,46,15,40,39,0
nominal,41,0,79,0,38,-25,38,41,2
nominal,47,-2,78,2,46,0,31,32,0
nominal,53,0,87,0,54,27,34,33,0
nominal,39,0,81,-1,38,0,41,42,0
nominal,44,1,77,1,42,-16,34,36,2
nominal,46,0,83,0,46,5,37,36,0
nominal,43,0,79,-2,42,-5,35,37,2
nominal,52,-1,87,1,52,-1,35,35,0
nominal,43,-2,79,0,42,-11,36,38,2
anomaly,85,7,89,0,8,22,4,81,78
nominal,37,0,96,6,24,0,59,73,14
nominal,37,0,77,0,8,-7,40,69,30
nominal,40,0,76,1,38,0,35,37,2
anomaly,80,3,84,0,-40,15,4,125,122
nominal,53,1,77,0,54,5,24,23,0
nominal,43,0,80,-1,42,-4,37,39,2
anomaly,84,-4,88,0,2,0,3,85,82
nominal,45,-2,82,5,44,-17,37,38,2
nominal,43,4,77,0,42,0,34,35,2
nominal,46,0,80,0,46,15,34,34,0
nominal,37,0,77,1,36,-9,39,41,2
nominal,41,-1,82,0,42,11,41,41,0
nominal,43,1,77,0,42,0,35,36,2
nominal,46,0,87,-1,46,5,41,41,0
nominal,47,0,86,0,46,-1,39,39,0
nominal,45,2,82,-1,44,0,37,38,2
nominal,49,-4,83,0,50,0,34,34,0
nominal,45,-4,85,3,44,0,40,41,2
nominal,37,0,107,0,28,26,69,78,8
nominal,37,-9,106,0,34,9,69,72,4
nominal,43,0,95,-1,42,-12,52,54,2
nominal,44,0,76,7,44,2,32,32,0
nominal,45,-2,84,0,44,-10,38,40,2
nominal,48,-2,81,-1,46,0,33,34,2
nominal,41,0,88,4,38,-8,47,49,2
nominal,46,0,81,0,44,-5,35,37,2
nominal,49,3,83,0,50,6,34,34,0
nominal,46,1,86,0,44,-22,41,42,2
anomaly,104,1,106,1,72,7,1,33,32
nominal,47,1,108,0,46,0,62,62,0
nominal,41,0,86,3,42,1,45,45,0
nominal,37,0,77,8,36,6,40,41,0
nominal,44,4,93,0,44,16,50,50,0
nominal,38,-2,91,-2,6,-9,53,86,32
nominal,49,0,106,-3,50,6,57,57,0
nominal,49,0,82,0,50,20,33,33,0
nominal,37,-4,78,0,38,15,41,39,0
anomaly,85,0,88,-14,0,0,3,88,84
anomaly,81,0,84,0,-18,2,4,103,98
nominal,37,0,82,0,38,26,45,43,0
nominal,56,0,90,0,56,18,34,33,0
nominal,41,0,86,-2,38,0,46,48,2
nominal,37,0,104,0,26,-4,66,78,12
anomaly,85,0,88,-3,2,0,3,85,82
nominal,41,0,77,0,42,13,36,35,0
nominal,37,0,78,0,6,-9,42,73,32
nominal,48,0,81,6,46,0,33,34,2
nominal,56,0,83,0,54,-7,27,28,2
nominal,38,3,77,0,36,-21,40,41,2
nominal,37,0,81,0,38,14,43,42,0
nominal,37,4,75,0,20,0,38,54,16
anomaly,104,0,106,0,72,9,1,33,32
nominal,37,0,78,0,-6,-3,41,86,44
nominal,41,0,87,3,38,-12,46,48,2
nominal,38,-2,76,-3,38,0,38,37,0
nominal,45,1,83,0,44,-1,38,39,2
nominal,49,0,83,0,46,-30,33,36,2
nominal,45,0,80,0,46,31,35,34,0
nominal,43,0,76,0,42,-1,32,34,2
nominal,42,-5,99,0,42,0,57,58,2
nominal,46,0,83,-3,44,-25,37,39,2
nominal,41,0,86,0,42,13,45,44,0
anomaly,81,3,85,0,-12,0,4,98,94
nominal,38,1,79,0,38,7,41,40,0
nominal,45,0,76,2,44,0,32,32,0
nominal,58,0,96,-5,56,0,38,39,2
nominal,37,0,76,0,30,26,40,45,6
anomaly,79,0,84,0,-36,-1471,4,120,116
anomaly,47,22,79,0,42,0,31,37,6
anomaly,82,1,86,0,-40,6,4,128,124
nominal,44,1,86,0,44,1,42,42,0
nominal,49,0,89,6,46,-9,40,42,2
nominal,39,2,97,0,38,0,58,59,0
nominal,45,-1,83,-5,44,-7,38,39,2
nominal,42,0,78,-18,42,0,36,37,2
nominal,47,-5,81,0,46,0,35,35,0
nominal,43,-3,87,0,42,-15,44,46,2
nominal,47,2,84,0,46,0,36,37,0
nominal,49,0,83,0,50,21,34,34,0
nominal,43,0,78,0,44,22,35,34,0
nominal,37,0,80,7,10,9,43,70,26
nominal,47,0,78,7,46,0,31,32,0
nominal,37,0,81,0,18,-22,44,63,18
nominal,37,4,100,0,34,0,64,67,4
nominal,37,0,104,0,20,-24,67,83,16
nominal,44,1,75,0,44,14,31,31,0
nominal,37,0,93,0,18,31,55,75,20
nominal,39,0,75,0,38,0,35,36,0
nominal,49,1,84,0,46,-9,35,37,2
nominal,43,-1,79,1,42,-9,35,37,2
nominal,37,0,83,0,30,-20,47,52,6
nominal,44,1,77,0,42,-14,34,36,2
nominal,42,3,81,0,42,0,40,40,0
nominal,44,0,76,-1,44,4,32,32,0
nominal,48,-1,81,1,46,0,33,34,2
nominal,43,0,89,0,44,22,46,45,0
anomaly,71,-35,107,0,60,-26,35,47,12
nominal,44,-2,109,0,44,0,66,66,0
nominal,56,3,81,0,54,-10,25,27,2
nominal,37,-4,82,0,36,-23,45,46,2
anomaly,81,-1,85,0,-12,0,4,98,94
nominal,47,0,84,2,46,0,36,37,0
nominal,55,-2,86,-2,54,0,31,32,0
nominal,37,0,94,-3,10,3,57,84,28
nominal,55,3,87,-6,54,0,32,33,2
nominal,37,0,76,-3,30,11,39,45,6
nominal,51,0,78,0,50,-5,27,29,2
nominal,37,0,80,0,30,5,43,49,6
nominal,45,-1,83,0,44,-4,37,39,2
nominal,45,-4,81,6,46,7,36,35,0
nominal,41,2,78,0,38,0,37,39,2
nominal,49,0,83,-1,50,31,34,34,0
nominal,53,2,86,0,52,-3,33,34,2
nominal,44,-2,86,0,44,3,42,42,0
nominal,37,0,83,0,16,-4,47,68,22
nominal,37,0,95,-1,18,0,58,77,18
anomaly,84,1,88,0,0,2,3,88,84
nominal,43,0,76,6,42,-5,33,35,2
nominal,43,-4,86,0,42,0,44,45,2
nominal,62,0,110,3,62,0,48,48,0
nominal,50,2,96,2,50,0,46,47,0
nominal,39,-5,90,1,6,0,52,85,34
nominal,53,-2,83,0,54,15,30,29,0
nominal,42,-5,88,0,42,0,46,47,2
nominal,43,0,79,0,42,-15,36,38,2
nominal,45,-4,85,0,46,8,40,39,0
nominal,43,-5,108,0,42,0,65,66,2
anomaly,81,0,84,0,-14,21,3,100,96
anomaly,79,2,83,0,-46,0,4,129,126
nominal,39,2,79,0,38,0,40,41,0
nominal,37,-22,77,0,20,0,40,56,16
nominal,45,0,107,0,44,0,62,63,2
nominal,37,-19,78,0,10,0,42,68,26
nominal,37,0,95,0,16,4,58,80,22
nominal,52,-1,103,1,52,-4,51,51,0
nominal,37,0,106,0,24,-28,69,82,14
nominal,37,0,80,0,24,-16,43,57,14
nominal,54,1,81,-4,54,0,27,26,0
nominal,53,0,86,-3,54,7,33,32,0
anomaly,81,0,84,0,-20,3,4,105,102
nominal,39,1,76,3,38,0,37,37,0
nominal,45,0,80,0,44,-12,35,36,2
nominal,43,-5,81,0,44,15,38,37,0
anomaly,85,0,88,6,2,0,3,86,82
nominal,39,-5,90,3,6,0,51,85,34
nominal,41,0,84,4,38,-5,43,45,2
nominal,53,0,77,2,54,14,25,23,0
nominal,58,0,83,2,56,0,25,26,0
nominal,38,0,91,0,6,-3,53,86,32
nominal,37,0,103,0,30,5,66,72,6
nominal,37,0,81,0,10,-9,45,71,26
nominal,37,0,91,0,18,0,53,73,20
nominal,50,0,101,-1,50,0,51,52,0
nominal,45,3,83,0,44,-6,37,39,2
nominal,51,0,82,1,50,-16,31,33,2
nominal,46,0,88,1,46,12,43,42,0
nominal,37,0,76,0,34,-29,40,43,2
nominal,55,0,86,-1,54,0,31,32,0
nominal,37,3,83,-1,34,0,45,49,4
nominal,53,0,104,0,54,12,51,49,0
nominal,37,0,83,0,30,-4,46,52,6
nominal,55,0,93,0,54,2,38,39,0
anomaly,85,0,88,-2,6,-6,3,83,80
nominal,41,0,80,-6,42,0,39,39,0
nominal,45,3,106,-1,44,-3,61,62,2
nominal,55,0,87,2,54,0,32,33,2
nominal,47,-3161,86,-2,46,0,39,39,0
nominal,68,0,111,-6,68,0,43,44,0
nominal,55,0,82,0,54,889,26,28,2
nominal,37,0,79,-1,36,-6,42,43,2
nominal,45,0,83,0,44,-4,38,39,2
nominal,41,0,84,0,42,0,43,43,0
nominal,56,5,86,0,54,-15,30,32,2
nominal,42,0,90,0,42,0,48,49,2
nominal,37,0,76,-7,28,0,40,48,8
nominal,43,1,82,0,42,0,39,41,2
nominal,53,-1,86,2,54,0,32,32,0
nominal,37,0,108,-3,34,0,71,74,4
nominal,45,1,87,8,44,0,43,43,0
nominal,37,0,76,0,34,20,39,42,4
nominal,37,0,80,0,18,4,43,62,18
nominal,37,0,106,-3,28,-1,69,77,8
nominal,37,0,104,0,36,-19,67,68,2
nominal,37,0,81,0,26,5,44,55,10
nominal,56,0,87,0,56,10,31,30,0
nominal,37,0,76,0,24,-27,39,52,14
nominal,37,0,77,5,24,-8,40,54,14
nominal,48,-5,77,0,46,-4,29,31,2
nominal,37,0,81,0,24,-11,44,57,14
nominal,53,-5,86,0,52,-24,33,35,2
nominal,37,0,77,-2,36,-4,40,41,0
nominal,55,3,81,1,54,0,25,26,2
nominal,49,-1,77,0,50,0,28,28,0
nominal,45,0,81,-2,44,-6,36,37,2
nominal,53,0,82,1,52,-21,29,30,2
nominal,41,-5,108,0,42,9,67,67,0
anomaly,77,-1,81,0,-40,0,4,123,118
nominal,49,0,79,0,50,21,30,30,0
nominal,37,0,80,0,20,7,43,59,16
nominal,47,2,86,-1,46,0,40,40,0
nominal,50,0,81,0,50,0,31,32,0
anomaly,84,0,88,0,-2,-10,3,90,88
nominal,41,0,80,0,42,4,39,39,0
nominal,37,1,76,0,36,2,39,39,0
nominal,37,0,76,0,28,-16,39,47,8
nominal,45,0,76,0,46,10,30,29,0
nominal,44,0,90,-3,44,0,45,46,0
nominal,39,-5,79,0,38,0,40,40,0
nominal,51,0,87,0,52,17,36,35,0
nominal,45,-5,88,0,44,-18,42,44,2
nominal,46,5,86,0,46,11,40,39,0
nominal,53,0,83,0,54,6,30,29,0
nominal,43,0,83,2,44,31,40,39,0
nominal,55,1,84,0,54,-3,29,30,2
nominal,45,0,81,0,44,-27,35,37,2
nominal,46,5,83,0,46,8,37,36,0
nominal,48,-1,86,0,46,0,38,40,2
anomaly,79,0,83,2,-42,-16,5,127,122
nominal,45,1,77,0,44,-6,32,34,2
nominal,37,0,78,0,-6,-12,41,86,44
nominal,37,0,106,4,36,0,69,70,2
nominal,42,5,86,0,42,1,45,45,0
nominal,46,0,92,4,46,0,45,45,0
nominal,40,0,87,-1,38,-2,47,48,2
nominal,37,0,79,-7,10,0,42,69,26
nominal,41,-2,77,0,42,2,36,35,0
nominal,45,2,86,0,44,-2,41,42,2
nominal,44,-1,86,0,44,5,43,42,0
nominal,37,0,83,0,34,-2,46,49,2
nominal,48,-3,80,-4,46,0,32,34,2
nominal,46,0,86,6,46,0,41,40,0
nominal,51,1,81,0,52,24,29,29,0
anomaly,79,-1,83,0,-30,0,4,114,110
nominal,42,4,76,0,42,0,34,35,0
nominal,37,0,80,0,18,31,43,62,18
nominal,49,0,82,0,46,-2,33,35,2
nominal,43,0,75,0,42,-15,32,34,2
nominal,57,0,81,-3,56,0,24,24,0
nominal,43,-1,79,0,44,7,35,35,0
nominal,46,0,107,-4,46,2,61,60,0
nominal,37,0,75,0,30,-1,38,44,6
nominal,43,1,107,0,42,0,64,66,2
nominal,47,-5,86,1,46,0,39,40,0
nominal,47,0,84,0,46,0,37,38,0
nominal,41,0,82,-6,38,-4,41,43,2
nominal,38,0,105,-1,38,0,67,66,0
nominal,41,0,76,-1,38,-17,35,37,2
nominal,51,1,80,0,52,20,29,28,0
nominal,43,0,86,-4,42,-6,42,44,2
nominal,41,0,81,0,38,-27,40,43,2
nominal,38,0,93,0,30,22,55,62,8
nominal,41,-3,77,0,42,20,36,35,0
nominal,46,0,90,0,46,6,44,44,0
nominal,37,0,78,0,-2,5,42,81,40
nominal,49,0,77,0,50,11,29,28,0
nominal,37,0,78,0,-6,-4,41,86,44
nominal,37,0,83,0,2,-5,46,80,34
nominal,46,5,85,2,46,11,39,39,0
nominal,53,0,87,0,52,-3,34,35,2
nominal,37,0,94,0,10,-7,57,84,26
nominal,37,0,81,0,-2,10,44,84,40
nominal,37,0,82,0,26,5,45,56,12
anomaly,87,2,89,0,8,0,2,81,80
nominal,37,0,78,0,-2,-15,42,81,40
nominal,42,-2,86,0,42,0,44,44,0
nominal,43,0,80,0,42,-7,37,39,2
nominal,53,0,85,0,54,23,32,31,0
nominal,41,0,83,0,38,-18,42,44,2
nominal,48,-2,108,0,46,0,60,61,2
nominal,45,0,86,0,44,-21,40,42,2
nominal,43,0,77,-4,44,19,34,33,0
anomaly,81,0,86,0,-40,4,4,127,122
nominal,56,1,83,0,56,8,27,26,0
anomaly,80,-3,84,-3,-42,9,5,128,124
nominal,57,-5,80,-3,56,0,23,23,0
nominal,37,2,76,0,36,5,39,39,0
nominal,47,-4,84,0,46,0,36,37,0
nominal,39,0,86,6,38,0,46,47,0
nominal,37,0,76,0,30,13,39,45,6
nominal,49,-3,101,6,46,-29,52,55,2
nominal,41,0,77,8,38,0,36,38,2
nominal,55,5,84,0,54,0,30,30,0
nominal,43,0,95,-1,44,21,52,51,0
nominal,49,2,86,0,46,-19,38,40,2
nominal,37,0,78,0,-2,-12,42,81,40
nominal,56,0,82,0,56,14,26,25,0
nominal,46,-1,84,-2,46,-3,38,38,0
anomaly,107,0,108,-3,70,0,1,38,36
nominal,52,-3,85,0,52,0,33,33,0
nominal,39,-3,76,1,38,0,36,37,0
nominal,37,0,76,0,34,18,39,42,2
nominal,49,1,80,0,46,-20,31,34,2
nominal,37,0,77,-1,0,0,41,77,36
nominal,41,-5,81,0,42,18,41,40,0
nominal,37,0,77,6,-18,-1,41,96,54
nominal,45,0,83,0,46,15,37,36,0
nominal,37,0,79,0,24,4,42,55,14
nominal,41,0,77,0,38,-28,36,38,2
nominal,44,0,80,-3,44,2,36,36,0
nominal,37,0,90,0,36,-9,52,53,2
nominal,37,0,101,0,28,-3,64,73,8
nominal,42,0,83,5,42,0,41,41,0
nominal,37,0,95,0,8,-8,58,87,30
nominal,37,0,96,-5,12,0,59,83,24
anomaly,84,0,88,-1,6,-3,4,83,78
nominal,37,0,75,0,36,16,37,39,2
nominal,37,0,76,0,34,-13,39,42,2
nominal,56,1,84,0,56,11,29,28,0
nominal,56,0,92,0,54,-25,36,38,2
nominal,45,0,79,1,46,22,34,33,0
nominal,38,0,93,6,28,10,55,64,10
nominal,37,0,83,0,2,9,46,80,34
nominal,41,0,83,5,38,-10,42,44,2
nominal,53,0,79,0,54,27,26,24,0
nominal,44,4,76,-1,44,2,32,32,0
nominal,44,1,88,0,44,8,45,44,0
nominal,45,0,79,-1,44,-25,33,35,2
nominal,45,5,81,2,44,0,36,37,2
nominal,37,0,104,0,18,27,67,86,18
nominal,54,0,104,0,54,0,50,49,0
nominal,49,0,81,2,46,-11,33,35,2
nominal,37,-4,83,0,36,-11,46,47,2
nominal,42,0,81,0,42,66,39,40,0
nominal,38,4,81,0,38,3,43,42,0
nominal,37,-1,77,0,38,9,39,38,0
nominal,50,0,84,0,50,0,34,35,2
nominal,46,0,88,1,44,-20,43,44,2
nominal,38,0,76,0,36,-27,38,39,2
nominal,43,-1,87,2,42,0,44,46,2
nominal,49,1,88,0,50,6,39,39,0
anomaly,85,0,88,0,0,-1,3,88,86
nominal,49,0,81,0,46,-9,32,34,2
nominal,37,0,76,0,34,24,39,42,4
nominal,39,-4,88,0,38,0,49,50,0
nominal,48,-5,76,-1,46,-7,28,30,2
nominal,37,0,77,6,-12,0,41,90,50
nominal,53,2,80,0,54,9,27,26,0
nominal,59,0,84,0,60,18,25,24,0
nominal,53,4,83,0,54,2,29,28,0
nominal,37,0,92,-2,18,7,55,74,20
nominal,50,4,78,0,50,0,29,29,0
nominal,49,5,88,0,50,29,40,39,0
nominal,48,-1,77,0,46,0,28,30,2
nominal,46,1,83,0,44,-19,37,39,2
nominal,47,-4,85,4,46,0,38,39,0
nominal,40,0,110,5,38,0,70,71,2
nominal,62,2,109,0,62,1,47,47,0
anomaly,82,0,86,0,-10,23,3,96,92
anomaly,106,6,108,4,72,10,1,35,34
nominal,41,5,79,0,38,-22,38,40,2
nominal,51,-1,79,0,50,-8,28,30,2
nominal,44,0,87,-5,44,5,43,43,0
nominal,41,-4,100,0,38,-23,59,61,2
nominal,37,0,80,0,36,23,43,44,2
nominal,37,0,106,0,28,0,69,77,8
nominal,37,0,80,-5,24,0,43,57,14
nominal,54,1,89,0,54,0,35,35,0
nominal,37,0,106,0,28,17,68,77,8
nominal,54,3,77,0,54,0,23,23,0
nominal,37,-1,76,0,36,-8,38,39,2
nominal,56,0,86,0,54,-11,31,32,2
nominal,41,0,81,0,38,-26,39,42,2
nominal,37,0,80,0,36,12,43,44,2
nominal,45,0,81,0,44,-20,36,37,2
nominal,48,3,106,0,46,0,58,60,2
nominal,37,0,80,5,18,0,43,62,18
nominal,42,1,83,0,42,0,41,41,0
nominal,37,0,79,0,24,9,42,55,14
nominal,58,-2,84,0,56,0,25,27,2
nominal,37,0,103,0,34,31,66,69,4
nominal,37,-1,79,-3,10,-8,42,68,26
nominal,44,-1,81,0,44,9,38,37,0
nominal,37,0,95,0,8,-29,58,87,30
nominal,37,0,77,5,-12,-16,41,90,50
nominal,37,0,79,0,24,-12,43,56,14
anomaly,103,5,104,1,72,6,1,31,30
nominal,37,0,79,0,12,-7,42,66,24
nominal,37,0,97,0,26,20,60,71,12
nominal,45,2,84,0,44,0,40,41,2
nominal,47,5,88,1,46,0,42,42,0
nominal,46,0,85,0,44,-21,39,41,2
nominal,45,0,79,2,46,22,34,33,0
nominal,37,0,76,0,36,-19,39,40,2
anomaly,85,0,89,0,2,-11,4,86,82
nominal,45,0,83,8,46,20,37,36,0
nominal,37,0,79,0,8,24,42,71,28
nominal,47,-1,85,2,46,0,38,39,0
nominal,53,-4,81,0,54,0,28,27,0
nominal,39,1,93,0,36,17,54,57,2
nominal,48,1,88,2,46,0,40,41,2
anomaly,84,-1,88,-3,6,-9,5,83,78
nominal,55,0,98,1,54,20,42,44,2
nominal,44,0,79,0,44,5,35,35,0
nominal,53,0,84,0,54,6,31,30,0
nominal,56,0,95,0,54,-3,40,41,2
nominal,51,0,81,0,50,-1,30,32,2
anomaly,80,0,84,0,-36,0,4,120,116
nominal,49,2,79,2,50,30,30,30,0
nominal,48,0,108,3,46,0,59,61,2
nominal,56,0,97,0,54,-10,41,42,2
anomaly,79,0,83,0,-40,-10,4,125,120
nominal,50,5,86,-1,50,0,36,37,2
nominal,43,0,88,0,44,8,45,44,0
nominal,41,-5,78,0,42,8,37,37,0
nominal,37,0,77,0,26,19,40,51,12
nominal,45,0,81,-1,44,-2,36,37,2
nominal,51,-4,84,0,52,0,33,32,0
nominal,47,0,81,5,46,0,34,35,0
nominal,37,0,81,6,16,0,44,65,22
nominal,40,-2,77,0,38,0,37,38,2
nominal,37,0,75,0,28,28,38,46,8
anomaly,84,0,87,0,0,2,3,87,84
anomaly,80,0,85,2,-40,3,5,126,122
nominal,53,-5,80,0,54,0,27,26,0
anomaly,105,4,106,2,72,6,1,33,32
nominal,49,0,88,-1,50,3,39,39,0
anomaly,81,0,84,0,-20,17,4,105,102
nominal,37,-70,105,0,36,-1,68,69,0
nominal,37,0,78,0,36,-19,41,42,2
nominal,37,0,77,0,-2,-17,41,80,40
nominal,38,1,86,0,38,7,49,48,0
nominal,37,0,76,0,34,-19,40,43,2
nominal,42,0,89,2,42,0,47,48,2
nominal,37,0,81,0,36,-8,43,44,2
nominal,43,-4,83,0,42,-1,40,41,2
nominal,45,-2,81,0,44,-17,36,37,2
nominal,51,-5,80,0,50,-11,29,31,2
nominal,51,5,79,0,50,0,28,30,2
nominal,45,-2,106,-4,44,0,61,62,2
nominal,37,-1,79,7,16,0,42,63,22
nominal,46,0,80,0,46,10,34,34,0
nominal,37,3,76,0,20,0,39,55,16
nominal,55,-5,82,0,56,30,26,25,0
nominal,50,-1,81,3,50,0,32,32,0
nominal,37,0,79,0,20,-3,42,58,16
nominal,46,0,75,-5,46,0,29,28,0
nominal,56,0,108,1,56,19,52,51,0
nominal,37,-3,80,0,18,-2,43,62,18
nominal,41,-3,79,0,42,15,39,38,0
nominal,37,0,79,0,26,5,42,53,10
nominal,37,0,76,0,26,29,39,50,12
nominal,37,0,108,0,30,-27,71,77,6
nominal,53,0,104,3,54,7,51,49,0
nominal,64,-5,111,2,62,-9,47,49,2
nominal,52,3,79,-2,52,0,27,28,0
nominal,38,0,105,-5,38,0,67,66,0
nominal,41,0,85,0,38,6,44,46,2
nominal,37,0,77,0,18,13,40,59,18
nominal,53,0,77,-2,54,4,25,23,0
nominal,37,0,76,0,20,-1,39,55,16
nominal,37,0,83,2,36,-3,45,46,2
nominal,44,5,81,0,42,-19,37,39,2
nominal,44,-2,76,-7,44,0,31,32,0
nominal,56,0,80,0,56,11,24,23,0
nominal,43,-2,81,0,42,-11,38,40,2
nominal,37,0,86,0,36,-15,48,50,2
nominal,43,-1,86,2,44,20,43,42,0
nominal,41,0,89,0,38,-4,48,50,2
nominal,52,-2,87,1,52,-2,35,35,0
nominal,37,0,77,-1,28,-1,40,48,8
nominal,37,0,79,0,20,1,42,58,16
nominal,55,1,91,0,54,-3,35,37,2
nominal,52,0,102,8,52,0,50,51,0
nominal,45,0,83,-2,44,-3,37,39,2
nominal,42,-4,76,0,42,0,34,35,0
nominal,56,-1,81,0,54,-27,25,27,2
nominal,47,0,107,3,46,0,60,60,0
nominal,44,-1,76,-4,44,12,32,32,0
nominal,43,-2,81,0,42,-9,38,40,2
nominal,37,0,93,0,12,-4,55,80,24
nominal,44,0,76,2,42,-29,32,34,2
nominal,52,1,82,-4,52,0,29,30,0
nominal,55,0,90,0,54,-3,34,35,2
nominal,44,1,95,0,44,15,52,51,0
anomaly,79,1963,88,0,44,0,9,44,34
nominal,37,-3,78,0,36,0,41,42,0
nominal,46,0,85,0,46,0,39,39,0
nominal,37,0,76,2,34,0,39,42,2
nominal,51,0,81,6,50,0,30,32,2
nominal,37,0,80,0,0,15,43,80,36
nominal,46,0,87,2,46,0,41,41,0
nominal,40,0,76,-1,38,0,36,37,2
anomaly,82,0,85,0,-10,-23,3,95,92
nominal,37,0,84,0,20,-1,47,63,16
nominal,52,0,79,0,52,0,26,27,0
nominal,48,0,86,-7,46,0,38,39,2
nominal,37,0,75,-5,24,0,38,52,14
nominal,45,0,88,0,46,7,42,41,0
nominal,43,0,76,0,44,28,32,32,0
nominal,41,3,107,0,38,0,66,68,2
nominal,45,0,83,0,44,-16,37,39,2
nominal,49,0,79,0,50,15,30,30,0
nominal,37,0,106,-6,24,0,69,82,14
nominal,44,5,79,0,42,-17,35,37,2
nominal,45,4,83,0,44,-6,38,39,2
nominal,37,0,76,1,34,1,40,43,2
nominal,45,-1,79,0,46,12,34,33,0
nominal,39,0,77,-5,38,0,39,39,0
nominal,37,0,77,0,12,-4,40,64,24
nominal,39,-4,82,0,38,0,43,43,0
nominal,41,0,82,0,42,28,41,41,0
nominal,43,-2,108,0,42,-17,64,66,2
nominal,44,0,88,0,44,7,44,44,0
nominal,45,0,82,-59,44,0,37,38,0
anomaly,80,-3,84,0,-40,4,5,126,122
nominal,37,2,80,0,36,0,43,44,0
anomaly,80,0,84,6,-36,29,5,121,116
nominal,41,0,78,3,38,-19,37,39,2
nominal,37,0,77,-6,8,0,40,69,28
nominal,50,0,81,-2,50,-3,30,32,2
nominal,37,0,76,0,26,-20,39,50,10
nominal,53,5,88,0,52,-3,35,37,2
anomaly,79,-1,83,-1,-40,2,4,124,120
nominal,37,0,78,0,10,6,42,68,26
nominal,39,-5,77,0,38,0,38,39,0
nominal,50,-1,77,-3,50,-4,27,28,0
nominal,43,0,84,1,42,-1,41,43,2
nominal,49,0,79,0,46,-26,30,33,2
nominal,47,-1,87,-5,46,-7,40,41,0
nominal,44,4,76,0,44,0,31,32,0
nominal,37,0,100,-1,28,0,64,72,8
nominal,50,0,86,0,50,0,35,37,2
nominal,37,0,96,0,30,2,59,65,6
nominal,42,0,88,5,42,0,45,46,2
nominal,47,-4,100,0,46,0,53,54,0
nominal,37,0,76,-3,28,-10,39,47,8
nominal,41,0,77,1,38,0,36,38,2
nominal,42,-3,81,0,42,0,39,40,2
nominal,37,0,78,0,2,5,41,75,34
nominal,56,0,83,0,54,-9,27,28,2
nominal,37,0,78,-3,28,0,41,50,8
nominal,44,5,88,0,44,6,45,44,0
nominal,39,3,79,0,38,0,41,41,0
nominal,44,0,95,0,44,2,52,51,0
nominal,46,0,100,0,44,-17,54,56,2
nominal,49,1,106,0,50,22,58,57,0
nominal,39,4,81,0,38,0,42,42,0
nominal,37,0,76,0,34,0,38,42,4
nominal,45,4,93,0,44,0,48,50,2
nominal,51,0,81,0,50,-30,29,32,2
nominal,37,0,80,0,18,-27,43,62,18
nominal,37,0,95,2,8,-4,58,87,30
nominal,43,0,86,8,42,-8,43,45,2
nominal,37,0,77,-6,2,0,40,75,34
nominal,37,0,74,-2,24,-5,37,51,14
nominal,55,2,82,0,54,-6,26,28,2
nominal,46,0,86,1,46,0,40,39,0
nominal,37,0,104,0,18,0,67,86,18
nominal,37,0,77,0,6,-11,40,72,32
nominal,39,3,93,-4,38,0,54,55,0
anomaly,102,0,103,2,70,-4,1,33,32
nominal,43,0,79,0,42,-1,35,37,2
anomaly,85,0,88,0,6,4,3,83,80
nominal,37,0,76,0,24,-12,39,52,14
nominal,48,0,82,8,46,0,34,35,2
nominal,37,0,100,0,30,-9,64,69,6
nominal,36,0,81,0,36,0,45,45,0
nominal,52,5,82,6,52,0,29,30,0
nominal,37,-1,91,0,6,0,53,86,32
nominal,37,0,80,0,34,24,43,46,2
nominal,52,-2,82,0,52,0,30,30,0
nominal,37,0,83,0,6,-12,47,78,32
anomaly,78,0,83,8,-46,0,4,129,124
nominal,37,0,75,0,28,-28,38,46,8
nominal,45,0,86,6,44,-19,41,42,2
nominal,37,0,84,0,18,-26,47,66,18
nominal,37,0,79,-1,34,-2,42,46,4
nominal,37,0,77,0,16,3,41,62,22
nominal,41,0,83,0,38,-11,42,44,2
nominal,41,2,81,0,42,11,39,39,0
nominal,51,0,88,0,50,-4,37,39,2
nominal,46,0,79,4,46,0,33,32,0
nominal,38,0,81,0,36,-29,43,45,2
nominal,37,0,76,-7,36,0,39,39,0
anomaly,84,-4,88,0,6,0,4,83,78
nominal,37,0,99,0,28,-4,61,70,8
nominal,56,-1,90,-1,56,6,34,33,0
nominal,41,0,78,4,42,12,37,37,0
nominal,37,0,79,6,-2,0,42,82,40
nominal,53,5,80,0,52,0,27,28,2
nominal,41,0,79,-1,38,-10,38,40,2
nominal,46,0,88,-2,44,-22,43,44,2
nominal,41,5,78,0,42,18,37,37,0
nominal,37,0,82,0,34,-6,45,48,4
nominal,37,0,97,6,36,0,59,60,2
nominal,37,0,76,-4,34,6,39,42,2
nominal,56,1,84,0,56,14,29,28,0
nominal,49,0,80,0,50,2,31,31,0
nominal,48,1,90,0,46,0,41,43,2
nominal,45,-1,76,0,44,0,32,32,0
nominal,53,1,88,0,54,29,35,33,0
nominal,51,0,81,4,50,-13,30,32,2
nominal,53,0,85,0,54,10,32,31,0
nominal,56,0,79,0,56,0,23,23,0
nominal,50,-3,86,0,50,0,37,37,0
nominal,43,0,79,-6,42,0,35,37,2
nominal,44,0,77,0,44,5,34,34,0
nominal,51,0,87,-3,52,1,36,35,0
nominal,37,0,78,0,0,9,42,78,36
nominal,41,1,78,0,42,12,37,37,0
nominal,46,0,88,2,46,13,42,41,0
nominal,43,0,77,0,42,-18,34,36,2
nominal,49,-4,77,0,50,2,28,28,0
nominal,45,0,93,0,44,-1,48,50,2
nominal,37,-3,78,0,-6,0,42,86,44
anomaly,81,0,86,5,-40,5,5,127,122
nominal,56,0,95,-4,54,-29,40,41,2
nominal,48,4,78,0,46,0,30,32,2
nominal,49,-3,101,0,50,0,52,52,0
nominal,43,-3,106,0,42,0,63,64,2
nominal,53,1,80,0,52,-3,27,28,2
nominal,43,0,82,-1,42,0,39,41,2
anomaly,84,2,87,2,-4,0,3,92,88
nominal,37,0,104,0,34,3,67,71,4
nominal,41,0,79,0,38,-12,39,41,2
nominal,56,0,92,0,56,6,35,35,0
nominal,41,-2,79,0,42,0,38,37,0
nominal,57,0,90,-3,56,0,33,33,0
nominal,46,5,89,0,46,8,43,42,0
nominal,37,0,83,2,-2,0,46,85,40
nominal,44,0,87,-6,44,2,43,43,0
nominal,45,-2,86,0,44,-20,40,42,2
nominal,49,0,81,0,50,1,32,32,0
nominal,45,0,93,0,44,0,48,50,2
nominal,37,0,76,3,26,20,39,50,12
nominal,41,5,79,0,38,-16,38,40,2
nominal,39,5,78,2,38,0,39,39,0
nominal,37,0,77,0,26,13,40,51,12
nominal,44,2,81,2,44,1,37,37,0
nominal,51,0,83,0,50,-12,32,33,2
nominal,41,0,82,0,42,29,41,41,0
nominal,44,4,79,0,44,23,35,35,0
nominal,41,-2,77,0,38,-12,36,38,2
nominal,41,0,83,0,42,4,41,41,0
nominal,46,0,81,1,46,0,35,35,0
nominal,39,0,80,-6,38,0,41,41,0
nominal,41,0,88,-5,38,-14,48,50,2
nominal,49,0,78,0,50,6,29,29,0
nominal,50,-2,88,0,50,0,37,39,2
nominal,37,1,76,3,34,0,39,43,4
nominal,45,0,88,4,44,5,43,44,2
nominal,45,-1,83,0,46,3,38,37,0
nominal,42,0,90,1,42,0,47,48,2
nominal,55,-5,80,0,56,22,25,23,0
nominal,45,0,81,-1,44,-3,36,37,2
anomaly,104,-1,105,-1,70,0,1,35,34
nominal,45,5,86,0,44,0,42,42,0
nominal,52,1,79,5,52,0,27,27,0
anomaly,78,0,82,1,-40,0,4,123,120
nominal,45,0,82,-30,44,0,37,38,0
nominal,51,0,84,1,52,0,33,33,0
nominal,55,-1,90,0,54,-3,34,35,2
nominal,37,0,77,0,6,-18,40,72,32
nominal,43,0,83,-3,42,-12,40,42,2
nominal,44,0,83,0,44,16,40,39,0
nominal,41,0,86,0,38,-16,46,48,2
nominal,37,0,79,0,24,-7,42,55,14
nominal,52,0,88,-2,52,-1,35,36,0
nominal,37,0,92,0,18,2,55,74,20
nominal,41,0,77,0,42,4,36,36,0
nominal,41,0,81,0,38,-6,40,42,2
nominal,37,0,80,0,34,-3,43,46,2
nominal,37,0,79,-1,10,-2,42,68,26
nominal,51,0,85,0,50,-6,34,36,2
nominal,48,0,87,0,46,-3,39,41,2
nominal,38,0,77,2,38,0,39,38,0
nominal,39,0,76,-1,38,-1,36,37,0
nominal,45,0,83,-3,44,-4,38,39,2
nominal,45,5,78,0,44,0,33,34,2
nominal,37,0,106,0,20,-18,69,85,16
nominal,37,0,76,-5,34,-6,40,43,2
nominal,37,-1,92,-1,6,-4,55,86,32
nominal,50,-2,106,0,50,0,57,57,0
nominal,37,0,104,5,24,-11,67,81,14
nominal,37,0,80,6,2,0,43,77,34
nominal,59,0,86,0,60,7,28,27,0
nominal,55,0,79,-1,54,0,24,24,0
nominal,46,3,78,0,46,1,32,32,0
anomaly,105,-2,106,-3,72,1,1,33,32
nominal,47,0,83,0,46,-1,35,36,0
nominal,51,0,82,2,50,-18,31,33,2
nominal,37,0,106,-7,36,0,69,70,0
nominal,37,1,76,-2,30,-4,40,45,6
nominal,41,0,86,2,42,13,46,45,0
nominal,37,-1,82,0,38,15,45,43,0
anomaly,81,0,84,0,-18,0,4,103,98
nominal,48,2,77,1,46,0,30,31,2
nominal,53,3,82,0,52,-6,29,30,2
nominal,55,1,93,0,54,0,38,39,2
nominal,38,0,81,0,36,-12,43,44,2
nominal,37,0,76,0,18,-6,40,58,18
nominal,45,2,88,0,44,0,43,44,0
nominal,51,0,81,0,52,11,29,29,0
nominal,37,0,76,-2,36,0,39,40,0
anomaly,37,-37,106,-3,34,-6,69,72,4
nominal,41,1,86,0,42,5,45,44,0
nominal,49,5,77,0,50,7,28,28,0
nominal,45,0,100,0,44,0,55,56,2
nominal,37,0,81,0,-2,5,44,84,40
nominal,49,1,83,0,50,1,34,34,0
nominal,37,1,90,0,28,29,53,62,8
nominal,52,1,102,0,52,0,50,51,0
anomaly,105,-1,106,0,70,0,1,36,36
nominal,56,-2,84,0,56,0,28,27,0
nominal,44,-1,82,0,44,5,38,38,0
nominal,45,0,79,-1,46,8,33,32,0
nominal,45,-3,78,0,44,0,33,34,2
nominal,37,-2,107,0,38,15,69,68,0
nominal,37,-1,76,0,36,-6,39,39,0
nominal,56,0,86,0,56,0,29,29,0
nominal,46,0,77,0,46,11,32,31,0
nominal,37,0,97,1,18,-12,60,79,18
nominal,37,0,76,4,26,-1,39,50,10
nominal,39,-2,76,1,38,0,38,37,0
nominal,37,0,96,0,16,-27,59,81,22
nominal,55,1,83,0,54,0,28,28,0
nominal,45,0,80,0,44,-17,35,36,2
nominal,46,0,88,0,44,-25,43,44,2
nominal,37,-1,106,-2,30,67,69,75,6
nominal,37,0,83,0,34,4,46,50,4
nominal,42,-4,81,-1,42,0,40,40,0
nominal,46,5,83,0,46,4,37,37,0
nominal,37,0,76,0,24,-4,40,53,14
nominal,47,-2,95,0,46,0,49,49,0
nominal,63,1,112,1,62,0,49,50,2
nominal,37,0,104,0,26,24,66,78,12
nominal,45,0,86,7,44,-3,41,42,2
nominal,43,0,86,-10,42,-20,42,44,2
nominal,56,0,92,0,54,4,36,38,2
nominal,50,-5,106,0,50,0,57,57,0
nominal,45,2,88,0,44,-1,42,44,2
nominal,37,0,76,2,34,-17,39,43,4
nominal,37,0,79,0,18,21,42,61,18
nominal,37,0,79,0,10,8,42,68,26
nominal,49,0,85,0,46,-5,36,39,2
nominal,45,-2,88,0,44,23,43,44,2
nominal,45,0,86,-4,46,14,41,40,0
nominal,48,-5,88,0,46,0,40,41,2
nominal,37,-2,80,-6,36,-10,43,44,0
nominal,37,1,79,0,34,18,41,45,4
anomaly,105,5,106,0,70,0,1,36,36
nominal,37,0,77,0,26,13,40,51,10
nominal,58,5,84,0,56,0,26,27,2
anomaly,81,3,86,1,-40,10,4,127,122
nominal,42,3,80,-1,42,0,38,39,2
anomaly,82,0,86,-1,-10,15,3,96,92
nominal,38,0,96,0,38,5,58,57,0
nominal,42,0,79,7,42,0,38,38,0
nominal,37,0,84,0,18,-2,47,66,18
nominal,43,-2,87,0,42,0,44,46,2
nominal,41,0,79,0,42,22,39,38,0
nominal,49,2,86,0,46,-16,38,40,2
nominal,51,4,88,0,52,21,37,37,0
nominal,49,0,86,0,50,17,37,37,0
nominal,45,0,88,0,44,-14,43,44,2
nominal,52,-1,88,1,52,-3,35,36,0
nominal,58,4,87,0,56,0,29,30,2
nominal,55,2,86,0,54,0,30,32,2
nominal,39,-1,76,0,38,0,38,37,0
nominal,37,0,104,0,24,-9,66,80,14
nominal,37,0,79,0,8,-15,43,72,28
nominal,37,0,90,0,24,15,52,66,14
nominal,37,0,77,0,34,26,40,43,4
nominal,43,-1,86,0,44,13,42,42,0
nominal,48,5,85,0,46,0,37,39,2
nominal,37,0,95,-5,18,0,58,77,18
nominal,40,-3,100,7,38,-1,60,62,2
anomaly,85,0,88,-36,0,0,3,88,84
nominal,51,0,88,1,50,-30,36,39,2
nominal,41,3,82,0,42,8,41,41,0
nominal,44,0,79,0,44,20,35,35,0
nominal,45,0,81,0,44,0,36,37,0
nominal,51,0,102,0,52,13,51,50,0
nominal,49,2,81,0,50,16,33,32,0
nominal,38,5,79,0,36,-16,42,43,2
nominal,45,-1,109,0,44,0,64,66,2
nominal,46,0,84,0,46,12,39,38,0
nominal,46,0,88,5,46,0,42,42,0
nominal,37,0,104,0,26,4,67,78,12
nominal,37,-21,75,0,28,15,38,46,8
nominal,37,0,77,-5,36,7,40,41,0
nominal,37,0,92,0,12,0,54,79,24
nominal,37,0,76,0,26,21,40,50,10
nominal,38,0,81,0,36,-30,43,45,2
nominal,42,0,79,-4,42,0,37,38,2
nominal,44,0,75,-1,44,7,31,31,0
nominal,49,4,88,0,50,10,39,39,0
nominal,41,0,76,0,38,-2,35,37,2
nominal,49,-3,77,0,50,6,28,28,0
nominal,57,-2,81,7,56,0,24,24,0
nominal,37,0,78,-2,34,-3,41,45,4
nominal,47,0,88,2,46,0,41,41,0
nominal,47,-2,79,0,46,0,33,33,0
nominal,53,-4,108,0,52,-19,55,56,2
nominal,47,0,102,-1,46,0,55,55,0
nominal,44,2,108,0,44,0,63,64,0
nominal,49,0,79,0,46,-19,31,33,2
nominal,37,0,97,0,36,21,59,60,2
nominal,45,0,80,0,46,24,35,34,0
nominal,37,0,80,0,28,14,43,52,8
nominal,41,1,93,0,42,26,53,52,0
nominal,52,0,88,0,52,0,37,37,0
nominal,37,0,91,0,10,7,53,81,28
nominal,55,2,77,0,54,0,23,23,0
nominal,45,0,87,0,44,-4,42,43,2
nominal,57,0,92,4,56,0,34,35,0
nominal,44,0,87,0,44,11,43,43,0
nominal,50,5,81,0,50,0,31,32,0
nominal,57,4,81,0,56,0,25,24,0
nominal,46,-1,108,-7,46,0,62,61,0
nominal,37,0,81,0,26,-22,44,55,10
nominal,56,4,84,0,56,0,28,28,0
nominal,49,0,107,1,50,0,58,58,0
nominal,55,0,98,0,54,26,42,44,2
nominal,37,0,104,0,20,0,67,83,16
nominal,43,0,83,2,42,-5,39,41,2
nominal,41,0,76,0,42,12,35,34,0
nominal,42,0,77,2,42,0,35,35,0
nominal,48,0,89,1,46,0,41,42,2
nominal,42,5,88,0,42,0,45,46,2
nominal,52,1,77,0,52,0,25,25,0
nominal,44,1,102,0,44,8,59,58,0
nominal,41,-5,88,0,42,0,47,46,0
nominal,43,-1,79,1,44,25,35,35,0
anomaly,105,-14,108,0,70,0,3,38,34
nominal,45,0,87,0,44,-1,42,43,2
nominal,51,0,88,0,50,-15,37,39,2
nominal,45,-1,88,-1,44,12,43,44,2
nominal,39,-3,100,0,38,0,62,62,0
nominal,38,0,76,0,38,9,38,37,0
nominal,49,0,78,0,50,11,29,29,0
nominal,49,0,87,0,46,-26,38,41,2
nominal,57,0,81,1,56,0,24,24,0
nominal,45,0,74,7,44,0,29,30,2
nominal,44,0,79,0,42,-7,35,37,2
nominal,46,0,85,-1,46,4,39,39,0
nominal,44,-3,81,3,44,0,37,37,0
nominal,44,0,85,-6,44,0,41,41,0
nominal,55,0,86,0,56,18,30,29,0
nominal,45,0,76,-5,44,0,31,32,2
nominal,37,0,77,0,36,-19,39,41,2
nominal,37,0,76,8,30,0,40,45,6
nominal,37,0,105,0,24,11,68,82,14
nominal,55,0,81,0,56,26,26,24,0
